Title,Property_Size,Bedrooms,Bathrooms,Furnishing,Region,Region_Name,Region_Parent_Name,Is_Boost,Price
"3bdrm Penthouse in Brownstone Estate, Ikate for sale",150,3,3,Semi-Furnished,"Lekki, Ikate",Ikate,Lagos State,False,250000000.0
"4bdrm Duplex in Redemption Estate, Owerri for sale",400,4,5,Unfurnished,"Imo State, Owerri",Owerri,Imo State,Premium,200000000.0
6bdrm Bungalow in Ikorodu Garage for sale,5000,6,6,Unfurnished,"Ikorodu, Ikorodu Garage",Ikorodu Garage,Lagos State,False,65000000.0
4bdrm Duplex in Opebi for sale,225,4,4,Semi-Furnished,"Ikeja, Opebi",Opebi,Lagos State,Enterprise,450000000.0
"3bdrm House in Treasure Hilltop, Akesan for sale",300,3,4,Unfurnished,"Alimosho, Akesan",Akesan,Lagos State,False,85000000.0
3bdrm Duplex in Abraham Adesanya for sale,250,3,3,Unfurnished,"Ajah, Abraham Adesanya Estate",Abraham Adesanya Estate,Lagos State,False,130000000.0
"6bdrm Duplex in Imo Housing Estate, Owerri for sale",600,6,6,Unfurnished,"Imo State, Owerri",Owerri,Imo State,Premium,170000000.0
"5bdrm Duplex in Ochacho Homes, Life Camp for sale",50,5,5,Unfurnished,"Gwarinpa, Life Camp",Life Camp,Abuja (FCT),False,135000000.0
"4bdrm Duplex in Royal Neighbourhood, Owerri for sale",464,4,4,Unfurnished,"Imo State, Owerri",Owerri,Imo State,Premium,180000000.0
5bdrm Duplex in Atlantic Nominee for sale,300,5,6,Semi-Furnished,"Ajah, Lekki Gardens Estate",Lekki Gardens Estate,Lagos State,False,260000000.0
Furnished 4bdrm Duplex in Private Estate for sale,650,4,4,Furnished,"Ifako-Ijaiye, Alakuko",Alakuko,Lagos State,Diamond,140000000.0
4bdrm Duplex in New Gra By Federal for sale,1150,4,5,Semi-Furnished,"Osun State, Osogbo",Osogbo,Osun State,False,85000000.0
3bdrm Block of Flats in Iju Ishaga for sale,648,3,4,Unfurnished,"Agege, Iju-Ishaga",Iju-Ishaga,Lagos State,Enterprise,250000000.0
"5bdrm Duplex in Heritage Estate, Akala Express for sale",400,5,6,Unfurnished,"Ibadan, Akala Express",Akala Express,Oyo State,Vip Gold,260000000.0
"4bdrm House in Ajao Estate, Anthony Village for sale",600,4,4,Unfurnished,"Maryland, Anthony Village",Anthony Village,Lagos State,Diamond,200000000.0
4bdrm Duplex in Osapa london for sale,250,4,4,Unfurnished,"Lekki, Osapa london",Osapa london,Lagos State,False,450000000.0
"5bdrm Bungalow in Selewu Area, Ikorodu for sale",50,5,6,Semi-Furnished,"Lagos State, Ikorodu",Ikorodu,Lagos State,False,47000000.0
"3bdrm Apartment in Golf Estates Ph, Amadi-Ama for sale",1986,3,3,Semi-Furnished,"Port-Harcourt, Amadi-Ama",Amadi-Ama,Port-Harcourt,Enterprise,120000000.0
3bdrm Apartment in Jahi for sale,300,3,3,Unfurnished,"Abuja (FCT), Jahi",Jahi,Abuja (FCT),Enterprise,200000000.0
5bdrm Duplex in Chevron Estate for sale,600,5,5,Semi-Furnished,"Lekki, Chevron",Chevron,Lagos State,Vip Gold,450000000.0
3bdrm Block of Flats in Kaura for sale,200,3,3,Unfurnished,"Abuja (FCT), Kaura",Kaura,Abuja (FCT),Enterprise,170000000.0
3bdrm Apartment in Ibeshe / Ikorodu for sale,500,3,1,Unfurnished,"Ikorodu, Ibeshe / Ikorodu",Ibeshe / Ikorodu,Lagos State,False,25000000.0
"2bdrm Block of Flats in Irewolede, Ado Ekiti for sale",600,2,2,Unfurnished,"Ekiti State, Ado Ekiti",Ado Ekiti,Ekiti State,Basic,35000000.0
2bdrm Apartment in Abraham Adesanya for sale,600,2,2,Unfurnished,"Ajah, Abraham Adesanya Estate",Abraham Adesanya Estate,Lagos State,Diamond,85000000.0
"Mini Flat in Treasure Land Estate, Igbogbo for sale",648,1,1,Semi-Furnished,"Ikorodu, Igbogbo",Igbogbo,Lagos State,False,8500000.0
2bdrm Apartment in Abraham Adesanya for sale,600,2,2,Unfurnished,"Ajah, Abraham Adesanya Estate",Abraham Adesanya Estate,Lagos State,Diamond,120000000.0
5bdrm Duplex in Magodo Gra Phase 2 for sale,150,5,6,Semi-Furnished,"Magodo, GRA Phase 2 Shangisha",GRA Phase 2 Shangisha,Lagos State,Enterprise,750000000.0
"Furnished 10bdrm House in 10 Minutes Walk From, Ewekoro for sale",450,10,10,Furnished,"Ogun State, Ewekoro",Ewekoro,Ogun State,False,29000000.0
Furnished 2bdrm Duplex in Lafiaji for sale,300,2,3,Furnished,"Lekki, Lafiaji",Lafiaji,Lagos State,False,125000000.0
"3bdrm House in Oloruntedo, Egbedore for sale",400,3,3,Semi-Furnished,"Osun State, Egbedore",Egbedore,Osun State,False,25000000.0
"5bdrm Duplex in Liberty Height, Life Camp for sale",450,5,5,Unfurnished,"Gwarinpa, Life Camp",Life Camp,Abuja (FCT),False,105000000.0
2bdrm Block of Flats in Gberigbe for sale,630,2,2,Semi-Furnished,"Ikorodu, Gberigbe",Gberigbe,Lagos State,False,60000000.0
"2bdrm Bungalow in Not An Estate, Kurudu for sale",250,2,1,Unfurnished,"Abuja (FCT), Kurudu",Kurudu,Abuja (FCT),False,5000000.0
Furnished 6bdrm Duplex in Yenagoa for Sale,3600,6,5,Furnished,"Bayelsa State, Yenagoa",Yenagoa,Bayelsa State,False,150000000.0
"5bdrm House in Odudu, Akure for sale",5000,5,5,Semi-Furnished,"Ondo State, Akure",Akure,Ondo State,False,70000000.0
"3bdrm Duplex in Fashola Estate, Ibeshe / Ikorodu for sale",5000,3,2,Semi-Furnished,"Ikorodu, Ibeshe / Ikorodu",Ibeshe / Ikorodu,Lagos State,Enterprise,82000000.0
"4bdrm Duplex in Ocean Bay, Lekki Phase 2 for sale",150,4,4,Unfurnished,"Lekki, Lekki Phase 2",Lekki Phase 2,Lagos State,Enterprise,140000000.0
3bdrm Apartment in Ogba for sale,150,3,2,Semi-Furnished,"Lagos State, Ogba",Ogba,Lagos State,Enterprise,80000000.0
4bdrm Apartment in Kado for sale,100,4,5,Unfurnished,"Abuja (FCT), Kado",Kado,Abuja (FCT),Basic,500000000.0
"5bdrm Duplex in Amazing Grace New, Ifako-Ijaiye for sale",250,5,5,Semi-Furnished,"Lagos State, Ifako-Ijaiye",Ifako-Ijaiye,Lagos State,Enterprise,300000000.0
Furnished 3bdrm Apartment in Lekki Phase 1 for sale,400,3,3,Furnished,"Lekki, Lekki Phase 1",Lekki Phase 1,Lagos State,Premium,300000000.0
3bdrm Block of Flats in New Oko Oba Ifako for sale,1000,3,3,Unfurnished,"Agege, New Oko Oba",New Oko Oba,Lagos State,Enterprise,180000000.0
4bdrm Duplex in Alafia Estate Ogba for sale,330,4,3,Semi-Furnished,"Lagos State, Ogba",Ogba,Lagos State,Enterprise,170000000.0
4bdrm Duplex in New Oko Oba for sale,300,4,4,Semi-Furnished,"Agege, New Oko Oba",New Oko Oba,Lagos State,Enterprise,260000000.0
3bdrm Duplex in Gaduwa for sale,300,3,3,Unfurnished,"Abuja (FCT), Gaduwa",Gaduwa,Abuja (FCT),Enterprise,150000000.0
"3bdrm Block of Flats in 3Bedroom, Allen Avenue for sale",150,3,3,Semi-Furnished,"Ikeja, Allen Avenue",Allen Avenue,Lagos State,Enterprise,100000000.0
5bdrm Duplex in Omole Phase 1 for sale,300,5,4,Semi-Furnished,"Ikeja, Omole Phase 1",Omole Phase 1,Lagos State,Enterprise,550000000.0
4bdrm Duplex in Mabushi for sale,400,4,4,Unfurnished,"Abuja (FCT), Mabushi",Mabushi,Abuja (FCT),False,450000000.0
5bdrm Duplex in Magodo Gra Phase 1 for sale,350,5,4,Semi-Furnished,"Magodo, GRA Phase 1",GRA Phase 1,Lagos State,Enterprise,650000000.0
4bdrm Duplex in Ikeja Gra for sale,200,4,4,Semi-Furnished,"Ikeja, Ikeja GRA",Ikeja GRA,Lagos State,Enterprise,600000000.0
3bdrm Apartment in Ikeja Gra for sale,200,3,3,Semi-Furnished,"Ikeja, Ikeja GRA",Ikeja GRA,Lagos State,Enterprise,450000000.0
3bdrm Block of Flats in New Oko Oba Abule for sale,620,3,3,Semi-Furnished,"Agege, New Oko Oba",New Oko Oba,Lagos State,Enterprise,170000000.0
4bdrm Duplex in Ifako Ijaiye Ogba for sale,200,4,4,Semi-Furnished,"Agege, Ifako",Ifako,Lagos State,Enterprise,255000000.0
2bdrm Bungalow in New Oko Oba for sale,500,2,2,Semi-Furnished,"Agege, New Oko Oba",New Oko Oba,Lagos State,Enterprise,90000000.0
4bdrm Duplex in Jabi for sale,300,4,4,Unfurnished,"Abuja (FCT), Jabi",Jabi,Abuja (FCT),Enterprise,500000000.0
Furnished 3bdrm Block of Flats in Ago Okota for sale,670,3,4,Furnished,"Isolo, Okota",Okota,Lagos State,VIP,370000000.0
4bdrm Duplex in Fagba Ifako Ijaiye for sale,300,4,3,Semi-Furnished,"Agege, Fagba",Fagba,Lagos State,Enterprise,250000000.0
5bdrm Duplex in Ikeja Gra for sale,500,5,5,Semi-Furnished,"Ikeja, Ikeja GRA",Ikeja GRA,Lagos State,Enterprise,1000000000.0
2bdrm Block of Flats in Omole Phase 1 for sale,550,2,2,Semi-Furnished,"Ikeja, Agidingbi",Agidingbi,Lagos State,Enterprise,580000000.0
3bdrm Apartment in Lsdp Estate Agege for sale,150,3,2,Semi-Furnished,"Lagos State, Agege",Agege,Lagos State,Enterprise,75000000.0
4bdrm Duplex in Ikeja Gra for sale,230,4,4,Semi-Furnished,"Ikeja, Ikeja GRA",Ikeja GRA,Lagos State,Enterprise,750000000.0
3bdrm Block of Flats in Ojodu Berger for sale,620,3,2,Semi-Furnished,"Lagos State, Ojodu",Ojodu,Lagos State,Enterprise,260000000.0
2bdrm Block of Flats in Igando for sale,600,2,2,Semi-Furnished,"Ikotun/Igando, Igando / Ikotun/Igando",Igando / Ikotun/Igando,Lagos State,Enterprise,160000000.0
"4bdrm Duplex in Secured Estate, Alagbado for sale",300,4,4,Unfurnished,"Ifako-Ijaiye, Alagbado",Alagbado,Lagos State,Enterprise,165000000.0
"5bdrm Duplex in Greenwood, Ibeju for sale",600,5,5,Semi-Furnished,"Lagos State, Ibeju",Ibeju,Lagos State,Diamond,170000000.0
3bdrm Duplex in Gbagada Phase 1/ for sale,250,3,4,Semi-Furnished,"Gbagada, Phase 1 / Gbagada",Phase 1 / Gbagada,Lagos State,Enterprise,300000000.0
5bdrm Apartment in Kado for sale,100,5,6,Unfurnished,"Abuja (FCT), Kado",Kado,Abuja (FCT),Basic,500000000.0
"4bdrm Duplex in Peace Garden Estate, Sangotedo for sale",497,4,4,Unfurnished,"Ajah, Sangotedo",Sangotedo,Lagos State,VIP,450000000.0
4bdrm Duplex in High Castle Estate for sale,300,4,4,Semi-Furnished,"Ipaja, Boys Town",Boys Town,Lagos State,Enterprise,160000000.0
"2bdrm Block of Flats in Ajah, Abraham Adesanya Estate for sale",1580,2,2,Unfurnished,"Ajah, Abraham Adesanya Estate",Abraham Adesanya Estate,Lagos State,VIP,90000000.0
3bdrm Apartment in Gbagada for sale,120,3,2,Semi-Furnished,"Lagos State, Gbagada",Gbagada,Lagos State,Enterprise,150000000.0
2bdrm Block of Flats in Agege for sale,400,2,2,Semi-Furnished,"Lagos State, Agege",Agege,Lagos State,Enterprise,150000000.0
4bdrm Bungalow in New Oko Oba for sale,850,4,3,Semi-Furnished,"Agege, New Oko Oba",New Oko Oba,Lagos State,Enterprise,300000000.0
"Furnished 4bdrm Duplex in Okupe Estate, Mende for sale",400,4,4,Furnished,"Maryland, Mende",Mende,Lagos State,Enterprise,400000000.0
2bdrm Bungalow in New Oko Oba Ifako for sale,450,2,2,Semi-Furnished,"Agege, New Oko Oba",New Oko Oba,Lagos State,Enterprise,100000000.0
5bdrm Duplex in Elliot Iju Ishaga for sale,400,5,5,Semi-Furnished,"Agege, Iju-Ishaga",Iju-Ishaga,Lagos State,Enterprise,230000000.0
"4bdrm Duplex in Emperor Estate, Sangotedo for sale",240,4,4,Semi-Furnished,"Ajah, Sangotedo",Sangotedo,Lagos State,VIP,250000000.0
5bdrm Duplex in Ologolo for sale,341,5,5,Unfurnished,"Lekki, Ologolo",Ologolo,Lagos State,VIP,320000000.0
3bdrm Block of Flats in Igando for sale,310,3,4,Unfurnished,"Ibeju, Igando-Oloja",Igando-Oloja,Lagos State,Premium,55000000.0
"4bdrm Duplex in Citiscape Court, Lokogoma for sale",1800,4,4,Semi-Furnished,"Abuja (FCT), Lokogoma",Lokogoma,Abuja (FCT),VIP,350000000.0
"3bdrm Block of Flats in Ajah, Abraham Adesanya Estate for sale",1450,3,3,Unfurnished,"Ajah, Abraham Adesanya Estate",Abraham Adesanya Estate,Lagos State,VIP,115000000.0
5bdrm Duplex in Lekki Phase 1 for sale,516,5,5,Semi-Furnished,"Lekki, Lekki Phase 1",Lekki Phase 1,Lagos State,VIP,750000000.0
Furnished 5bdrm Mansion in Private Estate for sale,700,5,5,Furnished,"Abuja (FCT), Asokoro",Asokoro,Abuja (FCT),Diamond,600000000.0
5bdrm Duplex in Galadimawa for sale,500,5,6,Unfurnished,"Abuja (FCT), Galadimawa",Galadimawa,Abuja (FCT),Vip Gold,800000000.0
4bdrm Apartment in Mabushi for sale,100,4,5,Unfurnished,"Abuja (FCT), Mabushi",Mabushi,Abuja (FCT),Basic,500000000.0
3bdrm Block of Flats in Alakuko Ifako for sale,812,3,3,Unfurnished,"Agege, Ifako",Ifako,Lagos State,Enterprise,170000000.0
5bdrm Duplex in Ikeja Gra for sale,500,5,5,Semi-Furnished,"Ikeja, Ikeja GRA",Ikeja GRA,Lagos State,Enterprise,950000000.0
4bdrm Duplex in Ajah for sale,314,4,4,Semi-Furnished,"Ajah, Ado / Ajah",Ado / Ajah,Lagos State,VIP,250000000.0
2bdrm Apartment in Ogba for sale,120,2,2,Semi-Furnished,"Lagos State, Ogba",Ogba,Lagos State,Enterprise,70000000.0
5bdrm Duplex in Omole Phase 1 for sale,400,5,5,Semi-Furnished,"Ikeja, Omole Phase 1",Omole Phase 1,Lagos State,Enterprise,750000000.0
5bdrm Duplex in Chevron Lekki for sale,500,5,5,Semi-Furnished,"Lekki, Chevron",Chevron,Lagos State,Enterprise,400000000.0
"3bdrm Duplex in Maplewood Estate, New Oko Oba for sale",250,3,3,Semi-Furnished,"Agege, New Oko Oba",New Oko Oba,Lagos State,Enterprise,145000000.0
3bdrm Block of Flats in Lekki Phase 1 for sale,955,3,3,Unfurnished,"Lekki, Lekki Phase 1",Lekki Phase 1,Lagos State,VIP,380000000.0
"2bdrm Block of Flats in Ikate, Lekki for sale",1050,2,2,Unfurnished,"Lekki, Ikate-Elegushi",Ikate-Elegushi,Lagos State,VIP,180000000.0
2bdrm Apartment in Ikate for sale,540,2,2,Unfurnished,"Lekki, Ikate-Elegushi",Ikate-Elegushi,Lagos State,VIP,180000000.0
3bdrm Bungalow in Behind Osinbajo Rail for sale,320,3,3,Semi-Furnished,"Ogun State, Ifo",Ifo,Ogun State,Enterprise,20000000.0
2bdrm Block of Flats in Fagba Ifako Ijaiye for sale,450,2,2,Semi-Furnished,"Agege, Fagba",Fagba,Lagos State,Enterprise,250000000.0
"Furnished 3bdrm Bungalow in Secured Estate, Ibeju for sale",500,3,3,Furnished,"Lagos State, Ibeju",Ibeju,Lagos State,False,75000000.0
"2bdrm Block of Flats in Ajah, Abraham Adesanya Estate for sale",1523,2,2,Unfurnished,"Ajah, Abraham Adesanya Estate",Abraham Adesanya Estate,Lagos State,VIP,85000000.0
"2bdrm Block of Flats in Spg, Lekki, Igbo-efon for sale",1060,2,2,Unfurnished,"Lekki, Igbo-efon",Igbo-efon,Lagos State,VIP,105000000.0
"2bdrm Apartment in Ikoyi, Awolowo Road for sale",130,2,2,Semi-Furnished,"Ikoyi, Awolowo Road",Awolowo Road,Lagos State,Enterprise,270000000.0
3bdrm Block of Flats in Egbeda Alimosho for sale,600,3,3,Semi-Furnished,"Alimosho, Egbeda",Egbeda,Lagos State,Enterprise,200000000.0
6bdrm Duplex in Fagba Ifako Ijaiye for sale,320,6,6,Semi-Furnished,"Agege, Fagba",Fagba,Lagos State,Enterprise,200000000.0
5bdrm Duplex in Gaduwa for sale,567,5,5,Semi-Furnished,"Abuja (FCT), Gaduwa",Gaduwa,Abuja (FCT),False,550000000.0
2bdrm House in New Oko Oba Ifako for sale,250,2,2,Semi-Furnished,"Agege, New Oko Oba",New Oko Oba,Lagos State,Enterprise,70000000.0
"4bdrm Duplex in Otunla, Bogije for sale",600,4,4,Semi-Furnished,"Ibeju, Bogije",Bogije,Lagos State,Diamond,120000000.0
7bdrm Bungalow in Ogba/Egbema/Ndoni for sale,200,7,4,Unfurnished,"Rivers State, Ogba/Egbema/Ndoni",Ogba/Egbema/Ndoni,Rivers State,False,16500000.0
"5bdrm Duplex in Prosperity Esate, Alimosho for sale",400,5,5,Semi-Furnished,"Lagos State, Alimosho",Alimosho,Lagos State,Enterprise,125000000.0
4bdrm Duplex in Medina Estate for sale,400,4,4,Semi-Furnished,"Lagos State, Gbagada",Gbagada,Lagos State,Enterprise,450000000.0
"5bdrm Duplex in College Road Ogba, Ifako for sale",530,5,5,Semi-Furnished,"Agege, Ifako",Ifako,Lagos State,Enterprise,250000000.0
5bdrm Duplex in Chevron Lekki for sale,400,5,5,Semi-Furnished,"Lekki, Chevron",Chevron,Lagos State,Enterprise,350000000.0
5bdrm Duplex in Adeniyi Jones Ikeja for sale,400,5,5,Semi-Furnished,"Ikeja, Adeniyi Jones",Adeniyi Jones,Lagos State,Enterprise,450000000.0
"2bdrm Block of Flats in Olaniyi, New Oko Oba for sale",300,2,2,Semi-Furnished,"Agege, New Oko Oba",New Oko Oba,Lagos State,Enterprise,65000000.0
"2bdrm Block of Flats in Close To Ikate, Lekki Phase 1 for sale",600,2,2,Unfurnished,"Lekki, Lekki Phase 1",Lekki Phase 1,Lagos State,Enterprise,120000000.0
3bdrm Bungalow in Ifo for sale,120,3,3,Semi-Furnished,"Ogun State, Ifo",Ifo,Ogun State,False,18000000.0
3bdrm Block of Flats in Beckley Estate New for sale,600,3,3,Semi-Furnished,"Agege, New Oko Oba",New Oko Oba,Lagos State,Enterprise,170000000.0
4bdrm Duplex in Ikota Lekki for sale,270,4,4,Semi-Furnished,"Lekki, Ikota",Ikota,Lagos State,Enterprise,220000000.0
2bdrm Block of Flats in Lekki Phase 1 for sale,1200,2,2,Unfurnished,"Lekki, Lekki Phase 1",Lekki Phase 1,Lagos State,VIP,305000000.0
4bdrm Duplex in Within College Road for sale,330,4,4,Semi-Furnished,"Lagos State, Ogba",Ogba,Lagos State,Enterprise,250000000.0
6bdrm House in Mile 12 Kosofe for sale,600,6,3,Semi-Furnished,"Lagos State, Kosofe",Kosofe,Lagos State,Enterprise,160000000.0
"4bdrm Duplex in Ocean Bay, Lekki Phase 2 for sale",150,4,4,Unfurnished,"Lekki, Lekki Phase 2",Lekki Phase 2,Lagos State,Enterprise,180000000.0
4bdrm Duplex in Magodo Phase 1 for sale,400,4,4,Semi-Furnished,"Ojodu, Magodo Isheri",Magodo Isheri,Lagos State,Enterprise,450000000.0
"5bdrm Duplex in Magodo Phase 2, Agboyi/Ketu for sale",500,5,4,Semi-Furnished,"Lagos State, Agboyi/Ketu",Agboyi/Ketu,Lagos State,Enterprise,750000000.0
"4bdrm Duplex in Magodo Phase 1, Ojodu for sale",260,4,4,Semi-Furnished,"Lagos State, Ojodu",Ojodu,Lagos State,Enterprise,250000000.0
3bdrm Apartment in Ifako Ogba for sale,150,3,3,Semi-Furnished,"Lagos State, Ogba",Ogba,Lagos State,Enterprise,130000000.0
2bdrm Block of Flats in New Oko Oba Abule for sale,400,2,2,Semi-Furnished,"Agege, New Oko Oba",New Oko Oba,Lagos State,Enterprise,200000000.0
4bdrm Duplex in Oko Oba Scheme 2 for sale,250,4,4,Semi-Furnished,"Agege, Oko-Oba",Oko-Oba,Lagos State,Enterprise,230000000.0
Furnished 4bdrm Duplex in Lekki for sale,450,4,4,Furnished,"Lekki, Lekki Phase 1",Lekki Phase 1,Lagos State,Enterprise,650000000.0
3bdrm Block of Flats in Estate Within New for sale,550,3,3,Semi-Furnished,"Agege, New Oko Oba",New Oko Oba,Lagos State,Enterprise,180000000.0
4bdrm Duplex in Obawole Ifako Ijaiye for sale,320,4,4,Semi-Furnished,"Ogba, Ifako-Ogba",Ifako-Ogba,Lagos State,Enterprise,110000000.0
3bdrm Block of Flats in College Road Ogba for sale,630,3,2,Semi-Furnished,"Lagos State, Ogba",Ogba,Lagos State,Enterprise,290000000.0
"3bdrm Block of Flats in Jonathan Coker, for sale",600,3,3,Semi-Furnished,"Agege, Fagba",Fagba,Lagos State,Enterprise,100000000.0
"2bdrm Block of Flats in Command, Alimosho, Iyana Ipaja for sale",600,2,2,Semi-Furnished,"Ipaja, Iyana Ipaja",Iyana Ipaja,Lagos State,Enterprise,85000000.0
5bdrm Duplex in Sangotedo for sale,450,5,6,Semi-Furnished,"Ajah, Sangotedo",Sangotedo,Lagos State,Enterprise,150000000.0
"3bdrm Block of Flats in Clem Ijaiye Ojokoro, Abule Egba for sale",600,3,2,Semi-Furnished,"Lagos State, Abule Egba",Abule Egba,Lagos State,Enterprise,100000000.0
5bdrm Duplex in Omole Phase 1 for sale,300,5,5,Semi-Furnished,"Ikeja, Agidingbi",Agidingbi,Lagos State,Enterprise,550000000.0
8bdrm House in Oko Afo for sale,400,8,3,Unfurnished,"Badagry, Oko Afo",Oko Afo,Lagos State,Enterprise,18000000.0
"4bdrm Duplex in Kayfarm Estate, Ifako-Ogba for sale",400,4,4,Semi-Furnished,"Ogba, Ifako-Ogba",Ifako-Ogba,Lagos State,Enterprise,400000000.0
"Furnished 3bdrm Apartment in River Park Estate, Lugbe District for sale",1500,3,4,Furnished,"Abuja (FCT), Lugbe District",Lugbe District,Abuja (FCT),VIP,85000000.0
"4bdrm Duplex in Ajah, Thomas Estate for sale",268,4,4,Unfurnished,"Ajah, Thomas Estate",Thomas Estate,Lagos State,VIP,165000000.0
Furnished 5bdrm Duplex in Sangotedo for sale,279,5,5,Furnished,"Ajah, Sangotedo",Sangotedo,Lagos State,VIP,330000000.0
4bdrm Duplex in Ogudu Gra Ojota for sale,350,4,3,Semi-Furnished,"Ojota, Ogudu Road",Ogudu Road,Lagos State,Enterprise,550000000.0
"5bdrm Duplex in Unilag Estate Magodo, Berger for sale",400,5,5,Semi-Furnished,"Ojodu, Berger",Berger,Lagos State,Enterprise,370000000.0
"3bdrm Block of Flats in Ijaiye Ojokoro Lcda, Ifako for sale",630,3,3,Semi-Furnished,"Agege, Ifako",Ifako,Lagos State,Enterprise,190000000.0
"Furnished 3bdrm Apartment in Off Kofo Abayomi, Adeola Odeku for sale",3200,3,3,Furnished,"Victoria Island, Adeola Odeku",Adeola Odeku,Lagos State,Enterprise,650000000.0
"2bdrm Maisonette in Off Freedom Way, Ikate for sale",600,2,2,Unfurnished,"Lekki, Ikate",Ikate,Lagos State,Diamond,185000000.0
2bdrm Apartment in Chevron for sale,1000,2,3,Semi-Furnished,"Lekki, Chevron",Chevron,Lagos State,False,135000000.0
5bdrm Duplex in Vgc for sale,367,5,5,Unfurnished,"Ajah, VGC / Ajah",VGC / Ajah,Lagos State,VIP,330000000.0
5bdrm Duplex in Apapa for sale,500,5,5,Semi-Furnished,"Lagos State, Apapa",Apapa,Lagos State,Enterprise,450000000.0
"4bdrm Duplex in Ikota, Lekki for sale",220,4,4,Unfurnished,"Lekki, Ikota",Ikota,Lagos State,VIP,160000000.0
"2bdrm Block of Flats in Freedom Way, Lekki Phase 1 for sale",2436,2,2,Unfurnished,"Lekki, Lekki Phase 1",Lekki Phase 1,Lagos State,VIP,180000000.0
3bdrm Block of Flats in Obawole Ifako Ijaiye for sale,630,3,2,Semi-Furnished,"Ogba, Ifako-Ogba",Ifako-Ogba,Lagos State,Enterprise,220000000.0
"4bdrm Duplex in Off Hakeem, Lekki Phase 1 for sale",150,4,4,Unfurnished,"Lekki, Lekki Phase 1",Lekki Phase 1,Lagos State,Enterprise,700000000.0
3bdrm Block of Flats in Alakuko Ifako for sale,1625,3,3,Unfurnished,"Agege, Ifako",Ifako,Lagos State,Enterprise,330000000.0
3bdrm Apartment in Area 1 for sale,200,3,3,Semi-Furnished,"Garki 1, Area 1",Area 1,Abuja (FCT),Enterprise,200000000.0
"5bdrm Duplex in Megamond, Ikota for sale",328,5,6,Semi-Furnished,"Lekki, Ikota",Ikota,Lagos State,VIP,420000000.0
5bdrm House in Wakajaye for sale,700,5,5,Semi-Furnished,"Ibadan, Wakajaye",Wakajaye,Oyo State,False,19000000.0
12bdrm Block of Flats in Agbowo. University for sale,600,12,6,Semi-Furnished,"Oyo State, Ibadan",Ibadan,Oyo State,Vip Gold,45000000.0
"3bdrm Bungalow in Pentville Estate, Lokogoma for sale",1500,3,3,Semi-Furnished,"Abuja (FCT), Lokogoma",Lokogoma,Abuja (FCT),VIP,99999999.0
5bdrm Duplex in Sangotedo for sale,305,5,5,Unfurnished,"Ajah, Sangotedo",Sangotedo,Lagos State,VIP,300000000.0
"4bdrm Duplex in Victoria Garden City, VGC / Ajah for sale",900,4,4,Unfurnished,"Ajah, VGC / Ajah",VGC / Ajah,Lagos State,VIP,1000000000.0
Furnished 3bdrm Block of Flats in Fagba Ifako Ijaiye for sale,800,3,2,Furnished,"Agege, Fagba",Fagba,Lagos State,Enterprise,150000000.0
3bdrm Duplex in Ajoke Estate Fagba for sale,125,3,3,Semi-Furnished,"Agege, Fagba",Fagba,Lagos State,Enterprise,150000000.0
"3bdrm Bungalow in Close To Jubilation, Lokogoma for sale",500,3,3,Semi-Furnished,"Abuja (FCT), Lokogoma",Lokogoma,Abuja (FCT),VIP,180000000.0
"2bdrm Block of Flats in Abimbola Aduke, Lekki Phase 1 for sale",169,2,2,Unfurnished,"Lekki, Lekki Phase 1",Lekki Phase 1,Lagos State,Vip Gold,200000000.0
Furnished 2bdrm Duplex in Urban Prime Estate for sale,220,2,2,Furnished,"Ajah, Abraham Adesanya Estate",Abraham Adesanya Estate,Lagos State,VIP,130000000.0
4bdrm Duplex in Sangotedo for sale,242,4,4,Unfurnished,"Ajah, Sangotedo",Sangotedo,Lagos State,VIP,140000000.0
Furnished 2bdrm Block of Flats in Lekki Phase 1 for sale,1400,2,2,Furnished,"Lekki, Lekki Phase 1",Lekki Phase 1,Lagos State,VIP,350000000.0
"4bdrm Duplex in Ajah, Abraham Adesanya Estate for sale",287,4,4,Unfurnished,"Ajah, Abraham Adesanya Estate",Abraham Adesanya Estate,Lagos State,VIP,180000000.0
2bdrm Block of Flats in Victory Estate Ago for sale,650,2,3,Semi-Furnished,"Isolo, Okota",Okota,Lagos State,VIP,330000000.0
5bdrm Duplex in Zone 4 / Wuse for sale,800,5,5,Unfurnished,"Wuse, Zone 4 / Wuse",Zone 4 / Wuse,Abuja (FCT),Enterprise,850000000.0
Furnished 3bdrm Apartment in Maitama for sale,300,3,3,Furnished,"Abuja (FCT), Maitama",Maitama,Abuja (FCT),Enterprise,600000000.0
5bdrm Duplex in Mabushi for sale,5000,5,1,Unfurnished,"Abuja (FCT), Mabushi",Mabushi,Abuja (FCT),False,400000000.0
Furnished 5bdrm Duplex in Guzape District for sale,500,5,5,Furnished,"Abuja (FCT), Guzape District",Guzape District,Abuja (FCT),Enterprise,800000000.0
4bdrm Duplex in Guzape District for sale,300,4,4,Unfurnished,"Abuja (FCT), Guzape District",Guzape District,Abuja (FCT),Enterprise,350000000.0
4bdrm Duplex in Jahi for sale,800,4,4,Unfurnished,"Abuja (FCT), Jahi",Jahi,Abuja (FCT),Enterprise,600000000.0
5bdrm Duplex in Jahi for sale,300,5,5,Unfurnished,"Abuja (FCT), Jahi",Jahi,Abuja (FCT),Enterprise,480000000.0
"20bdrm House in Samuel Orji Close, Owerri for sale",1400,20,20,Unfurnished,"Imo State, Owerri",Owerri,Imo State,False,230000000.0
5bdrm Duplex in Jahi for sale,800,5,5,Unfurnished,"Abuja (FCT), Jahi",Jahi,Abuja (FCT),Enterprise,650000000.0
5bdrm Duplex in Guzape District for sale,300,5,5,Unfurnished,"Abuja (FCT), Guzape District",Guzape District,Abuja (FCT),Enterprise,450000000.0
4bdrm Duplex in Utako for sale,300,4,4,Unfurnished,"Abuja (FCT), Utako",Utako,Abuja (FCT),Enterprise,350000000.0
4bdrm Duplex in Mabushi for sale,300,4,4,Unfurnished,"Abuja (FCT), Mabushi",Mabushi,Abuja (FCT),Enterprise,350000000.0
"Furnished 3bdrm Block of Flats in Fashola Estate, Sangotedo for sale",320,3,3,Furnished,"Ajah, Sangotedo",Sangotedo,Lagos State,False,45000000.0
"3bdrm Bungalow in Iju Ishaga, Ifako-Ijaiye for sale",500,3,3,Unfurnished,"Lagos State, Ifako-Ijaiye",Ifako-Ijaiye,Lagos State,False,35000000.0
4bdrm Duplex in Wuse 2 for sale,350,4,4,Unfurnished,"Abuja (FCT), Wuse 2",Wuse 2,Abuja (FCT),Enterprise,750000000.0
"7bdrm Block of Flats in Akobo, Ibadan for sale",718,7,6,Semi-Furnished,"Oyo State, Ibadan",Ibadan,Oyo State,Vip Gold,60000000.0
"5bdrm Duplex in Victory Park Estate, Lekki Phase 1 for sale",600,5,5,Semi-Furnished,"Lekki, Lekki Phase 1",Lekki Phase 1,Lagos State,Diamond,600000000.0
"Furnished 4bdrm Apartment in Peace Estate, Ibadan for sale",473,4,6,Furnished,"Oyo State, Ibadan",Ibadan,Oyo State,Vip Gold,37000000.0
5bdrm Duplex in Guzape District for sale,500,5,5,Unfurnished,"Abuja (FCT), Guzape District",Guzape District,Abuja (FCT),Enterprise,550000000.0
4bdrm Duplex in Mabushi for sale,100,4,4,Unfurnished,"Abuja (FCT), Mabushi",Mabushi,Abuja (FCT),Basic,500000000.0
5bdrm Duplex in Kaura for sale,500,5,5,Unfurnished,"Abuja (FCT), Kaura",Kaura,Abuja (FCT),Enterprise,550000000.0
"3bdrm Townhouse/Terrace in Atlantic Nominee, Off Lekki-Epe Expressway",200,3,3,Semi-Furnished,"Ajah, Off Lekki-Epe Expressway",Off Lekki-Epe Expressway,Lagos State,Vip Gold,90000000.0
Furnished 4bdrm Duplex in Jahi for sale,500,4,4,Furnished,"Abuja (FCT), Jahi",Jahi,Abuja (FCT),Enterprise,750000000.0
5bdrm Duplex in Guzape District for sale,500,5,5,Unfurnished,"Abuja (FCT), Guzape District",Guzape District,Abuja (FCT),Enterprise,650000000.0
Furnished 1bdrm Block of Flats in Abijo Town for sale,500,1,1,Furnished,"Ibeju, Abijo",Abijo,Lagos State,Premium,75000000.0
3bdrm House in Ado-Odo/Ota for sale,1234,3,3,Unfurnished,"Ogun State, Ado-Odo/Ota",Ado-Odo/Ota,Ogun State,False,30000000.0
"9bdrm Duplex in Gra, Oke Opa Road, Ondo / Ondo State for sale",3200,9,10,Unfurnished,"Ondo State, Ondo / Ondo State",Ondo / Ondo State,Ondo State,False,100000000.0
Furnished 1bdrm House in Jakande for sale,50,1,1,Furnished,"Lekki, Jakande",Jakande,Lagos State,False,4000000.0
"Furnished 5bdrm House in Boola Estate, Ibadan for sale",50,5,4,Furnished,"Oyo State, Ibadan",Ibadan,Oyo State,False,40000000.0
"2bdrm Block of Flats in Ogunfayo, Awoyaya for sale",600,2,2,Unfurnished,"Ibeju, Awoyaya",Awoyaya,Lagos State,Premium,45000000.0
5bdrm Bungalow in Enugu for sale,1394,5,3,Unfurnished,"Enugu State, Enugu",Enugu,Enugu State,False,150000000.0
2bdrm Apartment in Ilorin West for sale,50,2,3,Semi-Furnished,"Kwara State, Ilorin West",Ilorin West,Kwara State,False,15000000.0
2bdrm Duplex in Trans Amadi for sale,830,2,2,Unfurnished,"Port-Harcourt, Trans Amadi",Trans Amadi,Port-Harcourt,Diamond,230000000.0
"2bdrm Duplex in Bashorun, Basorun for sale",1000,2,2,Unfurnished,"Ibadan, Basorun",Basorun,Oyo State,Diamond,150000000.0
Furnished 2bdrm Apartment in Wuye for sale,100,2,2,Furnished,"Abuja (FCT), Wuye",Wuye,Abuja (FCT),Diamond,200000000.0
"2bdrm Block of Flats in Heartland Divine, Owerri for sale",500,2,3,Semi-Furnished,"Imo State, Owerri",Owerri,Imo State,False,265000000.0
"2bdrm Block of Flats in Nihort, Ologuneru for sale",500,2,2,Unfurnished,"Ibadan, Ologuneru",Ologuneru,Oyo State,Diamond,90000000.0
"Furnished 6bdrm Duplex in 114 Estate, Obio-Akpor for sale",829,6,6,Furnished,"Rivers State, Obio-Akpor",Obio-Akpor,Rivers State,False,140000000.0
"4bdrm Duplex in Sars Road, Port-Harcourt for sale",500,4,5,Semi-Furnished,"Rivers State, Port-Harcourt",Port-Harcourt,Rivers State,Diamond,310000000.0
"Furnished 6bdrm Duplex in Arepo, Obafemi-Owode for sale",600,6,6,Furnished,"Ogun State, Obafemi-Owode",Obafemi-Owode,Ogun State,Premium,150000000.0
"4bdrm Duplex in Arougba,Airport Road, Benin City for sale",1100,4,5,Unfurnished,"Edo State, Benin City",Benin City,Edo State,Diamond,220000000.0
"4bdrm Duplex in Dantata Estate, Gwarinpa for sale",700,4,5,Unfurnished,"Abuja (FCT), Gwarinpa",Gwarinpa,Abuja (FCT),Diamond,200000000.0
2bdrm Block of Flats in Life Camp for sale,500,2,3,Unfurnished,"Gwarinpa, Life Camp",Life Camp,Abuja (FCT),Diamond,26000000.0
"3bdrm Block of Flats in Zion Estates, Akobo for sale",600,3,3,Unfurnished,"Ibadan, Akobo",Akobo,Oyo State,Diamond,45000000.0
3bdrm Duplex in Lugbe District for sale,600,3,4,Unfurnished,"Abuja (FCT), Lugbe District",Lugbe District,Abuja (FCT),Diamond,100000000.0
"4bdrm Duplex in Nihort, Jericho for sale",627,4,4,Unfurnished,"Ibadan, Jericho",Jericho,Oyo State,Diamond,150000000.0
5bdrm Duplex in Ajah for sale,300,5,5,Semi-Furnished,"Lagos State, Ajah",Ajah,Lagos State,False,210000000.0
3bdrm Bungalow in Apo District for sale,620,3,4,Unfurnished,"Abuja (FCT), Apo District",Apo District,Abuja (FCT),Diamond,110000000.0
1bdrm Block of Flats in Kubwa for sale,500,1,2,Unfurnished,"Abuja (FCT), Kubwa",Kubwa,Abuja (FCT),Diamond,28000000.0
3bdrm Bungalow in Kubwa for sale,500,3,4,Unfurnished,"Abuja (FCT), Kubwa",Kubwa,Abuja (FCT),Diamond,45000000.0
"4bdrm Duplex in Apex Gardens Estate, Kaura for sale",300,4,4,Unfurnished,"Abuja (FCT), Kaura",Kaura,Abuja (FCT),Diamond,300000000.0
4bdrm Duplex in Kaura for sale,300,4,4,Semi-Furnished,"Abuja (FCT), Kaura",Kaura,Abuja (FCT),Diamond,160000000.0
"3bdrm Bungalow in Festac Estate, Akobo for sale",1039,3,3,Unfurnished,"Ibadan, Akobo",Akobo,Oyo State,Diamond,18000000.0
4bdrm Duplex in Dantata Estate Fo1 for sale,500,4,5,Unfurnished,"Abuja (FCT), Kubwa",Kubwa,Abuja (FCT),Diamond,210000000.0
5bdrm Duplex in Wuse 2 for sale,1000,5,6,Unfurnished,"Abuja (FCT), Wuse 2",Wuse 2,Abuja (FCT),Diamond,850000000.0
4bdrm Bungalow in Lugbe District for sale,600,4,5,Unfurnished,"Abuja (FCT), Lugbe District",Lugbe District,Abuja (FCT),Diamond,45000000.0
Furnished 16bdrm House in Garki Area 2 for sale,800,16,18,Furnished,"Garki 1, Area 2",Area 2,Abuja (FCT),Diamond,900000000.0
Furnished 3bdrm Block of Flats in Katampe Main By for sale,1000,3,4,Furnished,"Abuja (FCT), Katampe",Katampe,Abuja (FCT),Diamond,130000000.0
"4bdrm Bungalow in By Nizamiye Wl, Idu for sale",500,4,6,Unfurnished,"Jiwa, Idu",Idu,Abuja (FCT),Diamond,300000000.0
4bdrm Duplex in Life Camp for sale,500,4,5,Unfurnished,"Gwarinpa, Life Camp",Life Camp,Abuja (FCT),Diamond,120000000.0
3bdrm Block of Flats in Katampe (Main) for sale,500,3,4,Unfurnished,"Katampe, Katampe (Main)",Katampe (Main),Abuja (FCT),Diamond,100000000.0
5bdrm Duplex in Guzape District for sale,500,5,6,Unfurnished,"Abuja (FCT), Guzape District",Guzape District,Abuja (FCT),Diamond,500000000.0
Furnished 5bdrm Duplex in Lekki County Ikota for sale,300,5,6,Furnished,"Lagos State, Lekki",Lekki,Lagos State,False,380000000.0
"2bdrm Block of Flats in Dantata Estate, Gwarinpa for sale",500,2,3,Unfurnished,"Abuja (FCT), Gwarinpa",Gwarinpa,Abuja (FCT),Diamond,80000000.0
2bdrm Block of Flats in Kubwa for sale,700,2,3,Unfurnished,"Abuja (FCT), Kubwa",Kubwa,Abuja (FCT),Diamond,40000000.0
"8bdrm Room & Parlour in Onibudo Phase 2, Yakoyo/Alagbole for sale",377,8,8,Unfurnished,"Ojodu, Yakoyo/Alagbole",Yakoyo/Alagbole,Lagos State,False,35000000.0
"4bdrm Bungalow in Arougba,Airport Road, Benin City for sale",2000,4,5,Unfurnished,"Edo State, Benin City",Benin City,Edo State,Diamond,45000000.0
2bdrm Block of Flats in Jahi Abuja for sale,500,2,3,Unfurnished,"Abuja (FCT), Jahi",Jahi,Abuja (FCT),Diamond,130000000.0
2bdrm Block of Flats in Kubwa for sale,443,2,3,Unfurnished,"Abuja (FCT), Kubwa",Kubwa,Abuja (FCT),Diamond,300000000.0
2bdrm Bungalow in Kubwa District for sale,500,2,3,Unfurnished,"Abuja (FCT), Kubwa",Kubwa,Abuja (FCT),Diamond,35000000.0
1bdrm Block of Flats in Kubwa for sale,300,1,2,Unfurnished,"Abuja (FCT), Kubwa",Kubwa,Abuja (FCT),Diamond,40000000.0
"3bdrm Apartment in Gated And Secured, Lekki for sale",120,3,3,Unfurnished,"Lagos State, Lekki",Lekki,Lagos State,Diamond,85000000.0
"5bdrm Bungalow in Goodness Estate, Ibadan for sale",512,5,5,Semi-Furnished,"Oyo State, Ibadan",Ibadan,Oyo State,Vip Gold,20000000.0
"4bdrm Block of Flats in Second Ugbor,Gra, Benin City for sale",500,4,4,Unfurnished,"Edo State, Benin City",Benin City,Edo State,Diamond,220000000.0
3bdrm Block of Flats in Mabushi for sale,300,3,4,Unfurnished,"Abuja (FCT), Mabushi",Mabushi,Abuja (FCT),Diamond,150000000.0
"4bdrm Duplex in Dantata Estate Fo1, for sale",400,4,5,Unfurnished,"Abuja (FCT), Kubwa",Kubwa,Abuja (FCT),Diamond,120000000.0
4bdrm Duplex in Jahi for sale,300,4,4,Unfurnished,"Abuja (FCT), Jahi",Jahi,Abuja (FCT),Diamond,280000000.0
"3bdrm Apartment in Gated And Secured, Ilasan for sale",100,3,3,Unfurnished,"Lekki, Ilasan",Ilasan,Lagos State,Diamond,180000000.0
2bdrm Block of Flats in Idu for sale,500,2,3,Unfurnished,"Jiwa, Idu",Idu,Abuja (FCT),Diamond,75000000.0
2bdrm Block of Flats in Life Camp for sale,700,2,3,Unfurnished,"Gwarinpa, Life Camp",Life Camp,Abuja (FCT),Diamond,60000000.0
3bdrm Duplex in Karmo for sale,200,3,3,Unfurnished,"Abuja (FCT), Karmo",Karmo,Abuja (FCT),Diamond,65000000.0
2bdrm Bungalow in Dawaki Extension By for sale,800,2,2,Unfurnished,"Gwarinpa, Dawaki",Dawaki,Abuja (FCT),False,100000000.0
"3bdrm Bungalow in Adetokun, Ologuneru for sale",520,3,3,Unfurnished,"Ibadan, Ologuneru",Ologuneru,Oyo State,Diamond,75000000.0
4bdrm Duplex in Durumi for sale,500,4,5,Unfurnished,"Abuja (FCT), Durumi",Durumi,Abuja (FCT),Diamond,300000000.0
3bdrm Duplex in Kubwa for sale,500,3,4,Unfurnished,"Abuja (FCT), Kubwa",Kubwa,Abuja (FCT),Diamond,130000000.0
4bdrm Duplex in Area 1 for sale,500,4,5,Unfurnished,"Garki 1, Area 1",Area 1,Abuja (FCT),Diamond,250000000.0
2bdrm Block of Flats in Idu for sale,500,2,3,Unfurnished,"Jiwa, Idu",Idu,Abuja (FCT),Diamond,70000000.0
"16bdrm Block of Flats in Orogun Estate, Ibadan for sale",667,16,12,Semi-Furnished,"Oyo State, Ibadan",Ibadan,Oyo State,Vip Gold,85000000.0
2bdrm Block of Flats in Durumi for sale,500,2,3,Unfurnished,"Abuja (FCT), Durumi",Durumi,Abuja (FCT),Diamond,75000000.0
3bdrm Block of Flats in Wuye for sale,500,3,4,Unfurnished,"Abuja (FCT), Wuye",Wuye,Abuja (FCT),Diamond,160000000.0
"3bdrm House in Genesis Block, Ado-Odo/Ota for sale",232,3,4,Unfurnished,"Ogun State, Ado-Odo/Ota",Ado-Odo/Ota,Ogun State,False,3900000.0
4bdrm Duplex in Guzape District for sale,1000,4,5,Unfurnished,"Abuja (FCT), Guzape District",Guzape District,Abuja (FCT),Diamond,300000000.0
5bdrm House in Kado for sale,500,5,6,Unfurnished,"Abuja (FCT), Kado",Kado,Abuja (FCT),Diamond,400000000.0
3bdrm Block of Flats in Ado / Ajah for sale,800,3,3,Unfurnished,"Ajah, Ado / Ajah",Ado / Ajah,Lagos State,Diamond,80000000.0
1bdrm Block of Flats in Kubwa for sale,800,1,7,Unfurnished,"Abuja (FCT), Kubwa",Kubwa,Abuja (FCT),Diamond,180000000.0
Furnished 4bdrm Duplex in Life Camp for sale,300,4,5,Furnished,"Gwarinpa, Life Camp",Life Camp,Abuja (FCT),Vip Gold,200000000.0
5bdrm Duplex in Wuye for sale,350,5,5,Unfurnished,"Abuja (FCT), Wuye",Wuye,Abuja (FCT),Diamond,300000000.0
"Furnished 4bdrm Bungalow in Ajao, Bodija, Ibadan for sale",500,4,4,Furnished,"Oyo State, Ibadan",Ibadan,Oyo State,Vip Gold,130000000.0
"8bdrm Duplex in Agip Estate, Port, Obio-Akpor for sale",630,8,8,Semi-Furnished,"Rivers State, Obio-Akpor",Obio-Akpor,Rivers State,Diamond,149500000.0
Furnished 1bdrm Apartment in Jabi for sale,100,1,1,Furnished,"Abuja (FCT), Jabi",Jabi,Abuja (FCT),Diamond,50000000.0
4bdrm Duplex in Dawaki for sale,700,4,5,Unfurnished,"Gwarinpa, Dawaki",Dawaki,Abuja (FCT),Diamond,350000000.0
5bdrm Duplex in Lugbe District for sale,800,5,6,Unfurnished,"Abuja (FCT), Lugbe District",Lugbe District,Abuja (FCT),Diamond,170000000.0
4bdrm Duplex in Ojodu Estate for sale,760,4,5,Semi-Furnished,"Lagos State, Ojodu",Ojodu,Lagos State,Vip Gold,600000000.0
"7bdrm Duplex in Ugbor,Gra, Benin City for sale",500,7,7,Unfurnished,"Edo State, Benin City",Benin City,Edo State,Diamond,105000000.0
Furnished 3bdrm Block of Flats in Akesan for sale,1500,3,3,Furnished,"Alimosho, Akesan",Akesan,Lagos State,Enterprise,350000000.0
2bdrm Block of Flats in Sagamu Gra for sale,648,2,3,Semi-Furnished,"Ogun State, Sagamu",Sagamu,Ogun State,Vip Gold,110000000.0
"4bdrm Block of Flats in Ebo,Airport Road, Benin City for sale",2000,4,4,Unfurnished,"Edo State, Benin City",Benin City,Edo State,Diamond,250000000.0
3bdrm Bungalow in Kubwa for sale,500,3,4,Unfurnished,"Abuja (FCT), Kubwa",Kubwa,Abuja (FCT),Diamond,50000000.0
4bdrm Duplex in Dawaki for sale,700,4,5,Unfurnished,"Gwarinpa, Dawaki",Dawaki,Abuja (FCT),Diamond,220000000.0
2bdrm Block of Flats in Life Camp for sale,500,2,3,Unfurnished,"Gwarinpa, Life Camp",Life Camp,Abuja (FCT),Diamond,85000000.0
3bdrm Bungalow in Dutse-Alhaji for sale,700,3,4,Unfurnished,"Abuja (FCT), Dutse-Alhaji",Dutse-Alhaji,Abuja (FCT),Diamond,30000000.0
3bdrm Block of Flats in Kubwa for sale,700,3,4,Unfurnished,"Abuja (FCT), Kubwa",Kubwa,Abuja (FCT),Diamond,50000000.0
5bdrm Duplex in Katampe (Main) for sale,400,5,5,Unfurnished,"Katampe, Katampe (Main)",Katampe (Main),Abuja (FCT),Diamond,550000000.0
"2bdrm Apartment in Gated And Secured, Lekki Phase 1 for sale",800,2,2,Unfurnished,"Lekki, Lekki Phase 1",Lekki Phase 1,Lagos State,Diamond,155000000.0
5bdrm Bungalow in Orogun Ibadan for sale,500,5,5,Semi-Furnished,"Oyo State, Ibadan",Ibadan,Oyo State,Vip Gold,90000000.0
"3bdrm Bungalow in Hammony Estate, Akobo for sale",480,3,3,Unfurnished,"Ibadan, Akobo",Akobo,Oyo State,Diamond,25000000.0
4bdrm Duplex in Durumi for sale,500,4,5,Unfurnished,"Abuja (FCT), Durumi",Durumi,Abuja (FCT),Diamond,250000000.0
3bdrm Bungalow in Kaduna / Kaduna State for sale,800,3,4,Unfurnished,"Kaduna State, Kaduna / Kaduna State",Kaduna / Kaduna State,Kaduna State,Diamond,50000000.0
4bdrm Duplex in Life Camp for sale,700,4,4,Unfurnished,"Gwarinpa, Life Camp",Life Camp,Abuja (FCT),Diamond,65000000.0
1bdrm Block of Flats in Life Camp for sale,700,1,2,Unfurnished,"Gwarinpa, Life Camp",Life Camp,Abuja (FCT),Diamond,18000000.0
"5bdrm Duplex in Marrigold, Dawaki for sale",80,5,5,Unfurnished,"Gwarinpa, Dawaki",Dawaki,Abuja (FCT),False,250000000.0
4bdrm Duplex in Mabushi for sale,700,4,6,Unfurnished,"Abuja (FCT), Mabushi",Mabushi,Abuja (FCT),Diamond,350000000.0
"4bdrm Duplex in Gwarimpa Estate, Dawaki for sale",500,4,4,Unfurnished,"Gwarinpa, Dawaki",Dawaki,Abuja (FCT),False,300000000.0
3bdrm Block of Flats in Durumi for sale,500,3,4,Unfurnished,"Abuja (FCT), Durumi",Durumi,Abuja (FCT),Diamond,120000000.0
3bdrm Block of Flats in Jahi for sale,500,3,4,Unfurnished,"Abuja (FCT), Jahi",Jahi,Abuja (FCT),Diamond,150000000.0
3bdrm Block of Flats in Katampe (Main) for sale,500,3,4,Unfurnished,"Katampe, Katampe (Main)",Katampe (Main),Abuja (FCT),Diamond,200000000.0
"20bdrm House in Gated And Secured, Agungi for sale",650,20,20,Unfurnished,"Lekki, Agungi",Agungi,Lagos State,Diamond,750000000.0
Studio Apartment in Adeola Hopewell for sale,85,1,1,Unfurnished,"Victoria Island, Adeola Hopewell",Adeola Hopewell,Lagos State,Vip Gold,190000000.0
3bdrm Block of Flats in Life Camp for sale,700,3,4,Unfurnished,"Gwarinpa, Life Camp",Life Camp,Abuja (FCT),Diamond,80000000.0
4bdrm Duplex in Life Camp for sale,500,4,5,Unfurnished,"Gwarinpa, Life Camp",Life Camp,Abuja (FCT),Diamond,240000000.0
"5bdrm Bungalow in Gated And Secured, Ajah for sale",660,5,5,Unfurnished,"Lagos State, Ajah",Ajah,Lagos State,Diamond,45000000.0
4bdrm Duplex in Life Camp for sale,500,4,4,Unfurnished,"Gwarinpa, Life Camp",Life Camp,Abuja (FCT),Diamond,120000000.0
4bdrm Duplex in Life Camp for sale,1000,4,5,Unfurnished,"Gwarinpa, Life Camp",Life Camp,Abuja (FCT),Diamond,100000000.0
2bdrm Duplex in Kubwa for sale,500,2,3,Unfurnished,"Abuja (FCT), Kubwa",Kubwa,Abuja (FCT),Diamond,70000000.0
4bdrm Duplex in Life Camp for sale,500,4,5,Unfurnished,"Gwarinpa, Life Camp",Life Camp,Abuja (FCT),Diamond,250000000.0
"Furnished 3bdrm Bungalow in Gospel Area, Ibadan for sale",800,3,4,Furnished,"Oyo State, Ibadan",Ibadan,Oyo State,Vip Gold,45000000.0
"3bdrm Block of Flats in Isihor,Benin City for sale",1000,3,3,Unfurnished,"Edo State, Benin City",Benin City,Edo State,Diamond,38000000.0
3bdrm Bungalow in Hajj Camp Gwagwalada for sale,800,3,4,Unfurnished,"Abuja (FCT), Gwagwalada",Gwagwalada,Abuja (FCT),Diamond,50000000.0
4bdrm House in Port-Harcourt for sale,300,4,4,Unfurnished,"Rivers State, Port-Harcourt",Port-Harcourt,Rivers State,Diamond,45000000.0
3bdrm Apartment in Katampe (Main) for sale,150,3,3,Unfurnished,"Katampe, Katampe (Main)",Katampe (Main),Abuja (FCT),Diamond,130000000.0
"5bdrm Apartment in Elebu, Oluyole for sale",520,5,6,Unfurnished,"Oyo State, Oluyole",Oluyole,Oyo State,Diamond,130000000.0
3bdrm Duplex in Kubwa for sale,500,3,4,Unfurnished,"Abuja (FCT), Kubwa",Kubwa,Abuja (FCT),Diamond,200000000.0
2bdrm Block of Flats in Kubwa for sale,500,2,3,Unfurnished,"Abuja (FCT), Kubwa",Kubwa,Abuja (FCT),Diamond,39000000.0
12bdrm Block of Flats in Agbowo for sale,700,12,8,Semi-Furnished,"Ibadan, Agbowo",Agbowo,Oyo State,Vip Gold,45000000.0
"2bdrm Block of Flats in Elewuro, Akobo for sale",400,2,2,Unfurnished,"Ibadan, Akobo",Akobo,Oyo State,Diamond,30000000.0
8bdrm Block of Flats in Choba for sale,930,8,4,Unfurnished,"Port-Harcourt, Choba",Choba,Port-Harcourt,Diamond,80000000.0
3bdrm Block of Flats in Life Camp for sale,500,3,4,Unfurnished,"Gwarinpa, Life Camp",Life Camp,Abuja (FCT),Diamond,95000000.0
3bdrm Block of Flats in Katampe (Main) for sale,700,3,4,Unfurnished,"Katampe, Katampe (Main)",Katampe (Main),Abuja (FCT),Diamond,110000000.0
2bdrm Block of Flats in Via News for sale,50,2,2,Unfurnished,"Gwarinpa, Dawaki",Dawaki,Abuja (FCT),False,70000000.0
"4bdrm Duplex in Secured Estate, Ajah for sale",660,4,4,Unfurnished,"Lagos State, Ajah",Ajah,Lagos State,Diamond,160000000.0
"3bdrm Block of Flats in Mtn Mast,Gra, Benin City for sale",500,3,4,Unfurnished,"Edo State, Benin City",Benin City,Edo State,Diamond,170000000.0
3bdrm Duplex in Kubwa for sale,500,3,4,Unfurnished,"Abuja (FCT), Kubwa",Kubwa,Abuja (FCT),Diamond,96000000.0
3bdrm Duplex in Kubwa for sale,500,3,4,Unfurnished,"Abuja (FCT), Kubwa",Kubwa,Abuja (FCT),Diamond,120000000.0
5bdrm Duplex in Thomas Estate for sale,450,5,5,Unfurnished,"Ajah, Thomas Estate",Thomas Estate,Lagos State,Diamond,145000000.0
4bdrm Duplex in Kaura for sale,500,4,5,Unfurnished,"Abuja (FCT), Kaura",Kaura,Abuja (FCT),Diamond,200000000.0
"3bdrm Apartment in Gated And Secured, Ajah for sale",120,3,3,Unfurnished,"Lagos State, Ajah",Ajah,Lagos State,Diamond,75000000.0
4bdrm Duplex in Adeniyi Jones for sale,400,4,4,Semi-Furnished,"Ikeja, Adeniyi Jones",Adeniyi Jones,Lagos State,Enterprise,420000000.0
4bdrm Duplex in Durumi Abuja for sale,500,4,5,Unfurnished,"Abuja (FCT), Durumi",Durumi,Abuja (FCT),Diamond,400000000.0
2bdrm Duplex in Katampe (Main) for sale,500,2,3,Unfurnished,"Katampe, Katampe (Main)",Katampe (Main),Abuja (FCT),Diamond,160000000.0
3bdrm Block of Flats in Life Camp for sale,500,3,4,Unfurnished,"Gwarinpa, Life Camp",Life Camp,Abuja (FCT),Diamond,100000000.0
Furnished 4bdrm Duplex in Olokonla for sale,300,4,5,Furnished,"Ajah, Olokonla",Olokonla,Lagos State,False,125000000.0
2bdrm Block of Flats in Life Camp for sale,500,2,3,Unfurnished,"Gwarinpa, Life Camp",Life Camp,Abuja (FCT),Diamond,80000000.0
1bdrm Block of Flats in Life Camp for sale,500,1,2,Unfurnished,"Gwarinpa, Life Camp",Life Camp,Abuja (FCT),Diamond,18000000.0
4bdrm Duplex in Life Camp for sale,250,4,4,Unfurnished,"Gwarinpa, Life Camp",Life Camp,Abuja (FCT),Diamond,135000000.0
"2bdrm Bungalow in Yotomi Estate, Ifo for Sale",300,2,2,Semi-Furnished,"Ogun State, Ifo",Ifo,Ogun State,Diamond,5999999.0
"3bdrm Block of Flats in Unity Estates, Akobo for sale",600,3,3,Unfurnished,"Ibadan, Akobo",Akobo,Oyo State,Diamond,180000000.0
"2bdrm Block of Flats in Idi Ape, Akobo for sale",450,2,2,Unfurnished,"Ibadan, Akobo",Akobo,Oyo State,Diamond,100000000.0
4bdrm Bungalow in Apo District for sale,700,4,5,Unfurnished,"Abuja (FCT), Apo District",Apo District,Abuja (FCT),Diamond,110000000.0
3bdrm Block of Flats in Life Camp for sale,700,3,3,Unfurnished,"Gwarinpa, Life Camp",Life Camp,Abuja (FCT),Diamond,80000000.0
"1bdrm Bungalow in Gated And Secured, Ado / Ajah for sale",330,1,1,Unfurnished,"Ajah, Ado / Ajah",Ado / Ajah,Lagos State,Diamond,28000000.0
"5bdrm Bungalow in Ogo Oluwa Estate, Akobo for sale",720,5,5,Unfurnished,"Ibadan, Akobo",Akobo,Oyo State,Diamond,160000000.0
"3bdrm Block of Flats in Army Estate, Kubwa for sale",500,3,4,Unfurnished,"Abuja (FCT), Kubwa",Kubwa,Abuja (FCT),Diamond,85000000.0
"2bdrm Block of Flats in Nigeria Ghana School, Life Camp for sale",700,2,3,Unfurnished,"Gwarinpa, Life Camp",Life Camp,Abuja (FCT),Diamond,90000000.0
4bdrm Duplex in Life Camp for sale,300,4,5,Unfurnished,"Gwarinpa, Life Camp",Life Camp,Abuja (FCT),Diamond,110000000.0
3bdrm Maisonette in Lekki Phase 1 for sale,350,3,3,Unfurnished,"Lekki, Lekki Phase 1",Lekki Phase 1,Lagos State,Vip Gold,260000000.0
"3bdrm Block of Flats in Ugbowor, Benin City for sale",500,3,3,Unfurnished,"Edo State, Benin City",Benin City,Edo State,Diamond,60000000.0
5bdrm Duplex in Dawaki for sale,400,5,6,Unfurnished,"Gwarinpa, Dawaki",Dawaki,Abuja (FCT),Diamond,70000000.0
1bdrm Block of Flats in Kubwa for sale,700,1,2,Unfurnished,"Abuja (FCT), Kubwa",Kubwa,Abuja (FCT),Diamond,23500000.0
5bdrm Duplex in Durumi for sale,700,5,6,Unfurnished,"Abuja (FCT), Durumi",Durumi,Abuja (FCT),Diamond,200000000.0
"10bdrm Bungalow in Ajia, Ibadan for sale",600,10,3,Semi-Furnished,"Oyo State, Ibadan",Ibadan,Oyo State,Vip Gold,18000000.0
"3bdrm Bungalow in Brains And Hammer, Kubwa for sale",450,3,4,Unfurnished,"Abuja (FCT), Kubwa",Kubwa,Abuja (FCT),Diamond,35000000.0
"5bdrm Duplex in Kafe District, Gwarinpa for sale",800,5,6,Unfurnished,"Abuja (FCT), Gwarinpa",Gwarinpa,Abuja (FCT),Diamond,260000000.0
7bdrm Duplex in Kaura for sale,700,7,8,Unfurnished,"Abuja (FCT), Kaura",Kaura,Abuja (FCT),Diamond,750000000.0
4bdrm Duplex in Gaduwa for sale,250,4,4,Semi-Furnished,"Abuja (FCT), Gaduwa",Gaduwa,Abuja (FCT),Diamond,200000000.0
Furnished 3bdrm Apartment in Wuye for sale,200,3,3,Furnished,"Abuja (FCT), Wuye",Wuye,Abuja (FCT),Diamond,130000000.0
"5bdrm Duplex in Gated And Secured, Badore for sale",664,5,5,Unfurnished,"Ibeju, Badore",Badore,Lagos State,Diamond,150000000.0
"Furnished 8bdrm Duplex in Orogun, Ibadan, Ojoo for sale",728,8,6,Furnished,"Ibadan, Ojoo",Ojoo,Oyo State,Vip Gold,80000000.0
5bdrm Duplex in Kado for sale,700,5,6,Unfurnished,"Abuja (FCT), Kado",Kado,Abuja (FCT),Diamond,750000000.0
5bdrm Duplex in Dawaki Hillside for sale,600,5,5,Unfurnished,"Gwarinpa, Dawaki",Dawaki,Abuja (FCT),False,180000000.0
2bdrm Block of Flats in Life Camp for sale,500,2,3,Unfurnished,"Gwarinpa, Life Camp",Life Camp,Abuja (FCT),Diamond,65000000.0
"5bdrm Duplex in Gated And Secured, Ajah for sale",200,5,5,Unfurnished,"Lagos State, Ajah",Ajah,Lagos State,Diamond,190000000.0
"13bdrm Duplex in Gated And Secured, Amuwo-Odofin for sale",1083,13,13,Unfurnished,"Lagos State, Amuwo-Odofin",Amuwo-Odofin,Lagos State,Diamond,450000000.0
"Furnished 3bdrm Bungalow in Ofin Estate, Ikorodu for sale",600,3,3,Furnished,"Lagos State, Ikorodu",Ikorodu,Lagos State,Diamond,23000000.0
Furnished 1bdrm Block of Flats in Katampe for sale,500,1,2,Furnished,"Abuja (FCT), Katampe",Katampe,Abuja (FCT),Diamond,100000000.0
4bdrm Duplex in Mabushi for sale,700,4,5,Unfurnished,"Abuja (FCT), Mabushi",Mabushi,Abuja (FCT),Diamond,400000000.0
2bdrm Bungalow in Ajah for sale,150,2,2,Unfurnished,"Lagos State, Ajah",Ajah,Lagos State,Diamond,25000000.0
"3bdrm Block of Flats in Ayepe Road, Near for sale",648,3,3,Semi-Furnished,"Ogun State, Sagamu",Sagamu,Ogun State,Vip Gold,75000000.0
1bdrm Block of Flats in Life Camp for sale,500,1,2,Unfurnished,"Gwarinpa, Life Camp",Life Camp,Abuja (FCT),Diamond,40000000.0
4bdrm Duplex in Guzape District for sale,500,4,5,Unfurnished,"Abuja (FCT), Guzape District",Guzape District,Abuja (FCT),Diamond,350000000.0
4bdrm Duplex in Katampe (Main) for sale,500,4,5,Unfurnished,"Katampe, Katampe (Main)",Katampe (Main),Abuja (FCT),Diamond,250000000.0
4bdrm House in Gwarinpa for sale,500,4,5,Unfurnished,"Abuja (FCT), Gwarinpa",Gwarinpa,Abuja (FCT),Diamond,350000000.0
"Furnished 4bdrm Duplex in Military Estate, Ibadan for sale",808,4,5,Furnished,"Oyo State, Ibadan",Ibadan,Oyo State,False,350000000.0
4bdrm Duplex in Life Camp for sale,700,4,5,Unfurnished,"Gwarinpa, Life Camp",Life Camp,Abuja (FCT),Diamond,235000000.0
2bdrm Block of Flats in Kubwa for sale,800,2,3,Unfurnished,"Abuja (FCT), Kubwa",Kubwa,Abuja (FCT),Diamond,55000000.0
2bdrm Block of Flats in Kubwa for sale,500,2,3,Unfurnished,"Abuja (FCT), Kubwa",Kubwa,Abuja (FCT),Diamond,75000000.0
4bdrm Duplex in Life Camp for sale,500,4,5,Unfurnished,"Gwarinpa, Life Camp",Life Camp,Abuja (FCT),Diamond,210000000.0
1bdrm Block of Flats in Maitama Ii Katampe for sale,500,1,2,Unfurnished,"Abuja (FCT), Katampe",Katampe,Abuja (FCT),Diamond,85000000.0
4bdrm Duplex in Life Camp for sale,1000,4,4,Unfurnished,"Gwarinpa, Life Camp",Life Camp,Abuja (FCT),Diamond,120000000.0
4bdrm Block of Flats in Katampe Main for sale,1000,4,5,Unfurnished,"Katampe, Katampe (Main)",Katampe (Main),Abuja (FCT),Diamond,220000000.0
"2bdrm Apartment in Gated And Secured, Ajah for sale",100,2,2,Unfurnished,"Lagos State, Ajah",Ajah,Lagos State,Diamond,60000000.0
"Furnished 18bdrm Apartment in Orogun, Ibadan for sale",900,18,18,Furnished,"Oyo State, Ibadan",Ibadan,Oyo State,Vip Gold,180000000.0
2bdrm Duplex in Kubwa for sale,700,2,3,Unfurnished,"Abuja (FCT), Kubwa",Kubwa,Abuja (FCT),Diamond,70000000.0
"4bdrm Duplex in Abiola'S Court, Osapa london for sale",150,4,4,Unfurnished,"Lekki, Osapa london",Osapa london,Lagos State,Diamond,170000000.0
"2bdrm Block of Flats in Airport Road,Benin for sale",500,2,2,Unfurnished,"Edo State, Benin City",Benin City,Edo State,Diamond,85000000.0
2bdrm Block of Flats in Jahi for sale,500,2,3,Unfurnished,"Abuja (FCT), Jahi",Jahi,Abuja (FCT),Diamond,100000000.0
5bdrm Duplex in Katampe (Main) for sale,800,5,6,Unfurnished,"Katampe, Katampe (Main)",Katampe (Main),Abuja (FCT),Diamond,450000000.0
"Furnished 2bdrm Bungalow in Orogun Estate, Ojoo for sale",1200,2,3,Furnished,"Ibadan, Ojoo",Ojoo,Oyo State,Vip Gold,140000000.0
"3bdrm Block of Flats in Gated And Secured, Ajah for sale",700,3,3,Unfurnished,"Lagos State, Ajah",Ajah,Lagos State,Diamond,150000000.0
"5bdrm Duplex in Omile Phate 2, Omole Phase 1 for sale",300,5,5,Unfurnished,"Ikeja, Omole Phase 1",Omole Phase 1,Lagos State,False,50000000.0
"20bdrm Block of Flats in Felele, Behind Uba, Ibadan for sale",945,20,10,Semi-Furnished,"Oyo State, Ibadan",Ibadan,Oyo State,Vip Gold,85000000.0
20bdrm Block of Flats in Ibadan for sale,1600,20,16,Semi-Furnished,"Oyo State, Ibadan",Ibadan,Oyo State,Vip Gold,250000000.0
"5bdrm Bungalow in Bodija, Ibadan for sale",500,5,5,Semi-Furnished,"Oyo State, Ibadan",Ibadan,Oyo State,Vip Gold,28000000.0
"5bdrm Duplex in Trans Engineering, Dawaki for sale",500,5,5,Unfurnished,"Gwarinpa, Dawaki",Dawaki,Abuja (FCT),False,270000000.0
"20bdrm Block of Flats in Bodija, Ibadan for sale",1350,20,20,Unfurnished,"Oyo State, Ibadan",Ibadan,Oyo State,Vip Gold,200000000.0
"Furnished 5bdrm Duplex in New London, Egbeda for sale",1220,5,5,Furnished,"Alimosho, Egbeda",Egbeda,Lagos State,False,400000000.0
"4bdrm Duplex in Jericho Gra, Ibadan for sale",450,4,4,Semi-Furnished,"Oyo State, Ibadan",Ibadan,Oyo State,Premium,164000000.0
"3bdrm Bungalow in Green And View, Akala Express for sale",300,3,3,Semi-Furnished,"Ibadan, Akala Express",Akala Express,Oyo State,Premium,40000000.0
"4bdrm Bungalow in Pillar Estate, Akala Express for sale",500,4,4,Unfurnished,"Ibadan, Akala Express",Akala Express,Oyo State,Premium,45000000.0
"2bdrm Duplex in Pantheon Bridge, Lafiaji for sale",200,2,2,Semi-Furnished,"Lekki, Lafiaji",Lafiaji,Lagos State,Premium,125000000.0
"4bdrm Duplex in Pantheon Bridge, Lafiaji for sale",250,4,4,Semi-Furnished,"Lekki, Lafiaji",Lafiaji,Lagos State,Premium,150000000.0
"3bdrm Bungalow in Tobi Rental Junction, Eleyele for sale",300,3,3,Semi-Furnished,"Ibadan, Eleyele",Eleyele,Oyo State,Premium,68000000.0
"5bdrm Duplex in Ikolaba, Ibadan North West for sale",450,5,5,Semi-Furnished,"Ibadan, Ibadan North West",Ibadan North West,Oyo State,Premium,350000000.0
12bdrm Block of Flats in Rind Road for sale,839,12,6,Semi-Furnished,"Ibadan, Rind Road",Rind Road,Oyo State,Enterprise,120000000.0
4bdrm Duplex in Aiben Estate Karmo for sale,400,4,4,Unfurnished,"Abuja (FCT), Karmo",Karmo,Abuja (FCT),Enterprise,250000000.0
5bdrm Duplex in Lekki for sale,400,5,5,Semi-Furnished,"Lagos State, Lekki",Lekki,Lagos State,Enterprise,500000000.0
Furnished 2bdrm Apartment in Oregun for sale,1000,2,1,Furnished,"Ikeja, Oregun",Oregun,Lagos State,Enterprise,200000000.0
4bdrm Townhouse/Terrace in Kaura for sale,230,4,4,Unfurnished,"Abuja (FCT), Kaura",Kaura,Abuja (FCT),Enterprise,200000000.0
2bdrm Apartment in Gilmore Jahi for sale,200,2,2,Unfurnished,"Abuja (FCT), Jahi",Jahi,Abuja (FCT),Enterprise,150000000.0
"4bdrm Duplex in Admiralty, Lekki Phase 1 for sale",400,4,5,Semi-Furnished,"Lekki, Lekki Phase 1",Lekki Phase 1,Lagos State,Enterprise,550000000.0
"4bdrm Duplex in Aguma Estate Off, GRA Phase 3 / Port-Harcourt for sale",986,4,4,Semi-Furnished,"Port-Harcourt, GRA Phase 3 / Port-Harcourt",GRA Phase 3 / Port-Harcourt,Port-Harcourt,Enterprise,500000000.0
5bdrm Duplex in Chevron for sale,1000,5,1,Unfurnished,"Lekki, Chevron",Chevron,Lagos State,Enterprise,900000000.0
4bdrm Duplex in Omole Phase 2 for sale,1000,4,1,Unfurnished,"Ikeja, Omole Phase 2",Omole Phase 2,Lagos State,Enterprise,550000000.0
5bdrm Duplex in GRA Phase 1 for sale,1000,5,1,Unfurnished,"Magodo, GRA Phase 1",GRA Phase 1,Lagos State,Enterprise,630000000.0
5bdrm Duplex in Vgc for sale,400,5,6,Semi-Furnished,"Ajah, VGC / Ajah",VGC / Ajah,Lagos State,Enterprise,400000000.0
3bdrm Block of Flats in Rumuadolu Gra for sale,500,3,3,Semi-Furnished,"Port-Harcourt, GRA Phase 1 / Port-Harcourt",GRA Phase 1 / Port-Harcourt,Port-Harcourt,Enterprise,250000000.0
4bdrm Duplex in Olokonla for sale,300,4,4,Semi-Furnished,"Ajah, Olokonla",Olokonla,Lagos State,Enterprise,180000000.0
"4bdrm Duplex in Lekki Pearl Gardens, Sangotedo for sale",320,4,4,Semi-Furnished,"Ajah, Sangotedo",Sangotedo,Lagos State,Enterprise,150000000.0
5bdrm Duplex in Adeniyi Jones for sale,1000,5,1,Unfurnished,"Ikeja, Adeniyi Jones",Adeniyi Jones,Lagos State,Enterprise,700000000.0
4bdrm Duplex in GRA Phase 1 for sale,1000,4,1,Unfurnished,"Magodo, GRA Phase 1",GRA Phase 1,Lagos State,Enterprise,350000000.0
4bdrm Duplex in Medina for sale,1000,4,1,Unfurnished,"Gbagada, Medina",Medina,Lagos State,Enterprise,270000000.0
5bdrm Duplex in Osapa london for sale,1000,5,1,Unfurnished,"Lekki, Osapa london",Osapa london,Lagos State,Enterprise,990000000.0
"5bdrm Duplex in Vgc, Ikota for sale",350,5,6,Semi-Furnished,"Lekki, Ikota",Ikota,Lagos State,Enterprise,350000000.0
4bdrm Duplex in Ikeja for sale,300,4,4,Semi-Furnished,"Lagos State, Ikeja",Ikeja,Lagos State,Enterprise,750000000.0
"3bdrm Bungalow in Igbagbo Estate, for sale",500,3,4,Unfurnished,"Ibadan, Akobo",Akobo,Oyo State,Enterprise,62000000.0
5bdrm House in Chevron for sale,1000,5,1,Unfurnished,"Lekki, Chevron",Chevron,Lagos State,Enterprise,450000000.0
"Furnished 4bdrm Duplex in Ps Court, Ibadan for sale",1200,4,4,Furnished,"Oyo State, Ibadan",Ibadan,Oyo State,Enterprise,280000000.0
4bdrm Townhouse/Terrace in Dawaki Hills for sale,280,4,4,Unfurnished,"Gwarinpa, Dawaki",Dawaki,Abuja (FCT),Enterprise,270000000.0
"4bdrm Duplex in Von Axis, Lugbe for sale",450,4,5,Unfurnished,"Abuja (FCT), Lugbe District",Lugbe District,Abuja (FCT),Enterprise,200000000.0
2bdrm Block of Flats in Karsana for sale,150,2,2,Unfurnished,"Gwagwa, Karsana",Karsana,Abuja (FCT),Enterprise,45000000.0
"4bdrm Duplex in Josh Luxury Court, Guzape District for sale",400,4,4,Unfurnished,"Abuja (FCT), Guzape District",Guzape District,Abuja (FCT),Enterprise,350000000.0
"4bdrm Duplex in Sars Rd, Rumuahalu for sale",465,4,4,Unfurnished,"Port-Harcourt, Rumuahalu",Rumuahalu,Port-Harcourt,Enterprise,120000000.0
4bdrm Duplex in Omole Phase 1 for sale,1000,4,1,Unfurnished,"Ikeja, Omole Phase 1",Omole Phase 1,Lagos State,Enterprise,550000000.0
4bdrm Duplex in GRA Phase 1 for sale,1000,4,1,Unfurnished,"Magodo, GRA Phase 1",GRA Phase 1,Lagos State,Enterprise,365000000.0
4bdrm Duplex in Oko-Oba for sale,1000,4,1,Unfurnished,"Agege, Oko-Oba",Oko-Oba,Lagos State,Enterprise,350000000.0
"4bdrm Duplex in Rukpakulusi Estate, Eliozu for sale",450,4,4,Semi-Furnished,"Port-Harcourt, Eliozu",Eliozu,Port-Harcourt,Enterprise,300000000.0
4bdrm Duplex in Lekki for sale,450,4,4,Semi-Furnished,"Lagos State, Lekki",Lekki,Lagos State,Enterprise,140000000.0
4bdrm Duplex in GRA Phase 2 Shangisha for sale,1000,4,1,Unfurnished,"Magodo, GRA Phase 2 Shangisha",GRA Phase 2 Shangisha,Lagos State,Enterprise,550000000.0
"4bdrm Duplex in Kabusa Gardens, Dakwo District for sale",300,4,5,Unfurnished,"Abuja (FCT), Dakwo District",Dakwo District,Abuja (FCT),Enterprise,135000000.0
"Furnished 6bdrm Duplex in Thinkers Corner, Enugu for sale",600,6,7,Furnished,"Enugu State, Enugu",Enugu,Enugu State,Enterprise,240000000.0
"Furnished 5bdrm Apartment in Functional School, Garki 1 for sale",1000,5,4,Furnished,"Abuja (FCT), Garki 1",Garki 1,Abuja (FCT),Enterprise,650000000.0
5bdrm Duplex in VGC / Ajah for sale,1000,5,1,Unfurnished,"Ajah, VGC / Ajah",VGC / Ajah,Lagos State,Enterprise,500000000.0
"4bdrm Townhouse/Terrace in Durunmi, Durumi for sale",200,4,4,Unfurnished,"Abuja (FCT), Durumi",Durumi,Abuja (FCT),Enterprise,280000000.0
5bdrm Duplex in Lekki for sale,500,5,5,Semi-Furnished,"Lagos State, Lekki",Lekki,Lagos State,Enterprise,990000000.0
4bdrm Duplex in Abraham Adesanya Estate for sale,300,4,4,Semi-Furnished,"Ajah, Abraham Adesanya Estate",Abraham Adesanya Estate,Lagos State,Enterprise,190000000.0
4bdrm Duplex in Guzape By Fha Abuja for sale,400,4,5,Semi-Furnished,"Abuja (FCT), Guzape District",Guzape District,Abuja (FCT),Enterprise,550000000.0
Furnished 5bdrm Duplex in GRA Phase 1 for sale,1000,5,1,Furnished,"Magodo, GRA Phase 1",GRA Phase 1,Lagos State,Enterprise,600000000.0
4bdrm Duplex in Life Camp for sale,250,4,4,Unfurnished,"Gwarinpa, Life Camp",Life Camp,Abuja (FCT),Enterprise,380000000.0
2bdrm Apartment in Gudu for sale,180,2,2,Unfurnished,"Abuja (FCT), Gudu",Gudu,Abuja (FCT),Enterprise,90000000.0
4bdrm Duplex in Chevron for sale,300,4,4,Semi-Furnished,"Lekki, Chevron",Chevron,Lagos State,Enterprise,190000000.0
Furnished 4bdrm Duplex in Akobo for sale,400,4,4,Furnished,"Ibadan, Akobo",Akobo,Oyo State,Enterprise,290000000.0
5bdrm Duplex in GRA Phase 1 for sale,1000,5,1,Unfurnished,"Magodo, GRA Phase 1",GRA Phase 1,Lagos State,Enterprise,480000000.0
4bdrm Duplex in Abraham Adesanya Estate for sale,1000,4,1,Unfurnished,"Ajah, Abraham Adesanya Estate",Abraham Adesanya Estate,Lagos State,Enterprise,200000000.0
8bdrm Duplex in Karsana for sale,500,8,8,Semi-Furnished,"Gwagwa, Karsana",Karsana,Abuja (FCT),Enterprise,216000000.0
5bdrm Duplex in Thomas Estate for sale,1000,5,1,Unfurnished,"Ajah, Thomas Estate",Thomas Estate,Lagos State,Enterprise,230000000.0
4bdrm Townhouse/Terrace in Lifecamp for sale,250,4,4,Unfurnished,"Gwarinpa, Life Camp",Life Camp,Abuja (FCT),Enterprise,270000000.0
5bdrm Duplex in Jahi Gilmor By Navy for sale,450,5,6,Unfurnished,"Abuja (FCT), Jahi",Jahi,Abuja (FCT),Enterprise,600000000.0
"7bdrm Duplex in Efab Metropolis, Karsana for sale",850,7,8,Semi-Furnished,"Gwagwa, Karsana",Karsana,Abuja (FCT),Enterprise,520000000.0
3bdrm House in Berger for sale,1000,3,1,Unfurnished,"Ojodu, Berger",Berger,Lagos State,Enterprise,250000000.0
3bdrm Block of Flats in Jahi for sale,150,3,3,Semi-Furnished,"Abuja (FCT), Jahi",Jahi,Abuja (FCT),Enterprise,250000000.0
3bdrm Apartment in Victoria Island for sale,220,3,3,Unfurnished,"Lagos State, Victoria Island",Victoria Island,Lagos State,Enterprise,250000000.0
Furnished 18bdrm Apartment in Agodi for sale,700,18,18,Furnished,"Ibadan, Agodi",Agodi,Oyo State,Enterprise,80000000.0
4bdrm Duplex in GRA Phase 1 for sale,1000,4,1,Unfurnished,"Magodo, GRA Phase 1",GRA Phase 1,Lagos State,Enterprise,450000000.0
4bdrm Duplex in Abraham Adesanya Estate for sale,1000,4,1,Unfurnished,"Ajah, Abraham Adesanya Estate",Abraham Adesanya Estate,Lagos State,Enterprise,170000000.0
4bdrm Duplex in Adeniyi Jones for sale,1000,4,1,Unfurnished,"Ikeja, Adeniyi Jones",Adeniyi Jones,Lagos State,Enterprise,500000000.0
"4bdrm Duplex in King Palace Estate, Lugbe District for sale",650,4,5,Unfurnished,"Abuja (FCT), Lugbe District",Lugbe District,Abuja (FCT),Enterprise,300000000.0
2bdrm Block of Flats in Naze Owerri for sale,989,2,2,Semi-Furnished,"Imo State, Owerri",Owerri,Imo State,Enterprise,220000000.0
"6bdrm Bungalow in Emmanuel Estate, Idishin for sale",500,6,6,Unfurnished,"Ibadan, Idishin",Idishin,Oyo State,Enterprise,55000000.0
5bdrm Duplex in Ikate for sale,1000,5,1,Unfurnished,"Lekki, Ikate",Ikate,Lagos State,Enterprise,420000000.0
4bdrm Duplex in Wuye Main Zl for sale,500,4,6,Unfurnished,"Abuja (FCT), Wuye",Wuye,Abuja (FCT),Diamond,400000000.0
4bdrm Townhouse/Terrace in Lifecamp for sale,250,4,4,Unfurnished,"Gwarinpa, Life Camp",Life Camp,Abuja (FCT),Enterprise,275000000.0
"Furnished 4bdrm Duplex in Mount Berachal Homes, Lugbe District for sale",600,4,5,Furnished,"Abuja (FCT), Lugbe District",Lugbe District,Abuja (FCT),Enterprise,300000000.0
"Furnished 4bdrm Duplex in Durrosimi Etti, Lekki Phase 1 for sale",1000,4,4,Furnished,"Lekki, Lekki Phase 1",Lekki Phase 1,Lagos State,Enterprise,700000000.0
4bdrm Duplex in Lekki for sale,400,4,4,Semi-Furnished,"Lagos State, Lekki",Lekki,Lagos State,Enterprise,190000000.0
5bdrm Duplex in GRA Phase 2 Shangisha for sale,1000,5,1,Unfurnished,"Magodo, GRA Phase 2 Shangisha",GRA Phase 2 Shangisha,Lagos State,Enterprise,600000000.0
4bdrm Duplex in Berger for sale,1000,4,1,Unfurnished,"Ojodu, Berger",Berger,Lagos State,Enterprise,130000000.0
3bdrm Apartment in Lifecamp for sale,200,3,3,Unfurnished,"Gwarinpa, Life Camp",Life Camp,Abuja (FCT),Enterprise,150000000.0
Furnished 3bdrm Apartment in Apata for sale,600,3,3,Furnished,"Ibadan, Apata",Apata,Oyo State,False,65000000.0
5bdrm Duplex in Lekki for sale,400,5,5,Semi-Furnished,"Lagos State, Lekki",Lekki,Lagos State,Enterprise,450000000.0
2bdrm Apartment in Ilaje for sale,280,2,2,Semi-Furnished,"Ondo State, Ilaje",Ilaje,Ondo State,Enterprise,90000000.0
5bdrm Duplex in Osapa london for sale,450,5,5,Semi-Furnished,"Lekki, Osapa london",Osapa london,Lagos State,Enterprise,950000000.0
"5bdrm Duplex in Okebadan Estate, for sale",450,5,6,Unfurnished,"Ibadan, Akobo",Akobo,Oyo State,Enterprise,180000000.0
4bdrm Duplex in Fagba for sale,1000,4,1,Unfurnished,"Agege, Fagba",Fagba,Lagos State,Enterprise,230000000.0
4bdrm House in GRA Phase 1 for sale,1000,4,1,Unfurnished,"Magodo, GRA Phase 1",GRA Phase 1,Lagos State,Enterprise,450000000.0
3bdrm Apartment in Garki for sale,250,3,3,Unfurnished,"Abuja (FCT), Garki 2",Garki 2,Abuja (FCT),Enterprise,190000000.0
2bdrm Apartment in Adesanya Ajah for sale,114,2,2,Unfurnished,"Ajah, Abraham Adesanya Estate",Abraham Adesanya Estate,Lagos State,Enterprise,120000000.0
"5bdrm Apartment in Ajah, Olokonla for sale",400,5,6,Semi-Furnished,"Ajah, Olokonla",Olokonla,Lagos State,Enterprise,220000000.0
2bdrm Maisonette in Lekki Phase 1 for sale,450,2,2,Semi-Furnished,"Lekki, Lekki Phase 1",Lekki Phase 1,Lagos State,Enterprise,430000000.0
Furnished 4bdrm Duplex in Lekki Phase 1 for sale,500,4,4,Furnished,"Lekki, Lekki Phase 1",Lekki Phase 1,Lagos State,Enterprise,850000000.0
5bdrm Duplex in Ikate for sale,1000,5,1,Unfurnished,"Lekki, Ikate",Ikate,Lagos State,Enterprise,850000000.0
4bdrm House in GRA Phase 1 for sale,1000,4,1,Unfurnished,"Magodo, GRA Phase 1",GRA Phase 1,Lagos State,Enterprise,365000000.0
"Furnished 5bdrm Duplex in Old Gra, Enugu for sale",600,5,6,Furnished,"Enugu State, Enugu",Enugu,Enugu State,Enterprise,340000000.0
"4bdrm Duplex in Naf Valley Estate, Asokoro for sale",750,4,5,Unfurnished,"Abuja (FCT), Asokoro",Asokoro,Abuja (FCT),Enterprise,850000000.0
4bdrm Duplex in Chevron for sale,300,4,4,Semi-Furnished,"Lekki, Chevron",Chevron,Lagos State,Enterprise,250000000.0
5bdrm Duplex in GRA Phase 1 for sale,1000,5,1,Unfurnished,"Magodo, GRA Phase 1",GRA Phase 1,Lagos State,Enterprise,650000000.0
"6bdrm Duplex in Manor Estate, Gaduwa for sale",550,6,7,Unfurnished,"Abuja (FCT), Gaduwa",Gaduwa,Abuja (FCT),Enterprise,600000000.0
4bdrm Duplex in Mende for sale,1000,4,1,Unfurnished,"Maryland, Mende",Mende,Lagos State,Enterprise,290000000.0
4bdrm Duplex in Ikeja GRA for sale,1000,4,1,Unfurnished,"Ikeja, Ikeja GRA",Ikeja GRA,Lagos State,Enterprise,850000000.0
4bdrm Duplex in Adeniyi Jones for sale,1000,4,1,Unfurnished,"Ikeja, Adeniyi Jones",Adeniyi Jones,Lagos State,Enterprise,680000000.0
"4bdrm Duplex in Grandville Estate, Lugbe District for sale",500,4,5,Unfurnished,"Abuja (FCT), Lugbe District",Lugbe District,Abuja (FCT),Enterprise,350000000.0
4bdrm Duplex in Adeniyi Jones for sale,1000,4,1,Unfurnished,"Ikeja, Adeniyi Jones",Adeniyi Jones,Lagos State,Enterprise,450000000.0
"4bdrm Duplex in Kola Lawal Estate, Ibadan for sale",450,4,4,Unfurnished,"Oyo State, Ibadan",Ibadan,Oyo State,Enterprise,230000000.0
3bdrm Block of Flats in Katampe for sale,250,3,3,Unfurnished,"Katampe, Katampe (Main)",Katampe (Main),Abuja (FCT),Enterprise,220000000.0
6bdrm Duplex in Jabi Main for sale,400,6,7,Unfurnished,"Abuja (FCT), Jabi",Jabi,Abuja (FCT),Enterprise,510000000.0
4bdrm House in Opebi for sale,1000,4,1,Unfurnished,"Ikeja, Opebi",Opebi,Lagos State,Enterprise,500000000.0
5bdrm Duplex in Adeniyi Jones for sale,1000,5,1,Unfurnished,"Ikeja, Adeniyi Jones",Adeniyi Jones,Lagos State,Enterprise,350000000.0
5bdrm Duplex in Ikota for sale,450,5,5,Semi-Furnished,"Lekki, Ikota",Ikota,Lagos State,Enterprise,330000000.0
5bdrm Duplex in Chevron for sale,1000,5,1,Unfurnished,"Lekki, Chevron",Chevron,Lagos State,Enterprise,800000000.0
"6bdrm Duplex in Kukwuaba, Wuye for sale",1500,6,6,Unfurnished,"Abuja (FCT), Wuye",Wuye,Abuja (FCT),Enterprise,1000000000.0
4bdrm Duplex in Osapa london for sale,300,4,4,Semi-Furnished,"Lekki, Osapa london",Osapa london,Lagos State,Enterprise,350000000.0
4bdrm Duplex in Ikota for sale,300,4,4,Semi-Furnished,"Lekki, Ikota",Ikota,Lagos State,Enterprise,250000000.0
4bdrm Duplex in Opebi for sale,1000,4,1,Unfurnished,"Ikeja, Opebi",Opebi,Lagos State,Enterprise,350000000.0
4bdrm Duplex in Opebi for sale,1000,4,1,Unfurnished,"Ikeja, Opebi",Opebi,Lagos State,Enterprise,480000000.0
3bdrm Block of Flats in Karsana for sale,150,3,2,Semi-Furnished,"Gwagwa, Karsana",Karsana,Abuja (FCT),Enterprise,60000000.0
5bdrm Duplex in Kubwa for sale,500,5,5,Semi-Furnished,"Abuja (FCT), Kubwa",Kubwa,Abuja (FCT),Enterprise,250000000.0
"3bdrm Block of Flats in Sangotedo, VGC / Ajah for sale",222,3,4,Unfurnished,"Ajah, VGC / Ajah",VGC / Ajah,Lagos State,Enterprise,50000000.0
"2bdrm Block of Flats in Elimgbu Off Tank, Elimbu for sale",465,2,2,Semi-Furnished,"Port-Harcourt, Elimbu",Elimbu,Port-Harcourt,Enterprise,85000000.0
2bdrm Block of Flats in Garki for sale,1016,2,2,Unfurnished,"Jigawa State, Garki",Garki,Jigawa State,Enterprise,870000000.0
5bdrm Duplex in Ado / Ajah for sale,333,5,5,Semi-Furnished,"Ajah, Ado / Ajah",Ado / Ajah,Lagos State,Enterprise,310000000.0
4bdrm Duplex in Adeniyi Jones for sale,1000,4,1,Unfurnished,"Ikeja, Adeniyi Jones",Adeniyi Jones,Lagos State,Enterprise,480000000.0
6bdrm Duplex in Berger for sale,702,6,1,Unfurnished,"Ojodu, Berger",Berger,Lagos State,Enterprise,380000000.0
4bdrm Penthouse in Ikota for sale,300,4,4,Semi-Furnished,"Lekki, Ikota",Ikota,Lagos State,Enterprise,155000000.0
5bdrm Duplex in Lekki for sale,450,5,5,Semi-Furnished,"Lagos State, Lekki",Lekki,Lagos State,Enterprise,1000000000.0
4bdrm Duplex in Olokonla for sale,320,4,4,Semi-Furnished,"Ajah, Olokonla",Olokonla,Lagos State,Enterprise,165000000.0
4bdrm Duplex in Dakwo for sale,700,4,4,Unfurnished,"Abuja (FCT), Dakwo District",Dakwo District,Abuja (FCT),Enterprise,550000000.0
"3bdrm Penthouse in Greenland, Lekki Phase 1 for sale",250,3,4,Semi-Furnished,"Lekki, Lekki Phase 1",Lekki Phase 1,Lagos State,Enterprise,400000000.0
4bdrm Duplex in Abraham Adesanya Estate for sale,1000,4,1,Unfurnished,"Ajah, Abraham Adesanya Estate",Abraham Adesanya Estate,Lagos State,Enterprise,165000000.0
Furnished 5bdrm Mansion in Idu By Nizamiya Axis for sale,750,5,6,Furnished,"Abuja (FCT), Idu Industrial",Idu Industrial,Abuja (FCT),Enterprise,630000000.0
"5bdrm Duplex in Orchid Road, Lekki Phase 1 for sale",400,5,6,Semi-Furnished,"Lekki, Lekki Phase 1",Lekki Phase 1,Lagos State,Enterprise,370000000.0
4bdrm Duplex in Lekki for sale,270,4,4,Semi-Furnished,"Lagos State, Lekki",Lekki,Lagos State,Enterprise,450000000.0
5bdrm Duplex in Ologolo for sale,450,5,5,Semi-Furnished,"Lekki, Ologolo",Ologolo,Lagos State,Enterprise,390000000.0
5bdrm House in Osapa london for sale,1000,5,1,Unfurnished,"Lekki, Osapa london",Osapa london,Lagos State,Enterprise,990000000.0
2bdrm Apartment in Jahi for sale,200,2,2,Unfurnished,"Abuja (FCT), Jahi",Jahi,Abuja (FCT),Enterprise,190000000.0
"4bdrm Duplex in God’S Own, Lugbe District for sale",450,4,6,Unfurnished,"Abuja (FCT), Lugbe District",Lugbe District,Abuja (FCT),Enterprise,150000000.0
5bdrm Duplex in Chevron for sale,300,5,5,Semi-Furnished,"Lekki, Chevron",Chevron,Lagos State,Enterprise,480000000.0
5bdrm Duplex in Osapa london for sale,500,5,5,Semi-Furnished,"Lekki, Osapa london",Osapa london,Lagos State,Enterprise,990000000.0
5bdrm Duplex in Chevron for sale,500,5,5,Semi-Furnished,"Lekki, Chevron",Chevron,Lagos State,Enterprise,850000000.0
5bdrm Duplex in Shell Co Operative for sale,560,5,5,Semi-Furnished,"Rivers State, Port-Harcourt",Port-Harcourt,Rivers State,Enterprise,300000000.0
2bdrm Apartment in Osapa london for sale,300,2,2,Semi-Furnished,"Lekki, Osapa london",Osapa london,Lagos State,Enterprise,180000000.0
Furnished 3bdrm Bungalow in Ologuneru for sale,450,3,3,Furnished,"Ibadan, Ologuneru",Ologuneru,Oyo State,Enterprise,70000000.0
Furnished 5bdrm Duplex in VGC / Ajah for sale,1000,5,1,Furnished,"Ajah, VGC / Ajah",VGC / Ajah,Lagos State,Enterprise,550000000.0
5bdrm Duplex in Omole Phase 2 for sale,1000,5,1,Unfurnished,"Ikeja, Omole Phase 2",Omole Phase 2,Lagos State,Enterprise,700000000.0
Furnished 6bdrm Duplex in Jahi Gilmor for sale,450,6,7,Furnished,"Abuja (FCT), Jahi",Jahi,Abuja (FCT),Enterprise,650000000.0
"4bdrm Duplex in Shell Co Operative, Port-Harcourt for sale",300,4,4,Semi-Furnished,"Rivers State, Port-Harcourt",Port-Harcourt,Rivers State,Enterprise,260000000.0
3bdrm Apartment in Jahi for sale,230,3,3,Unfurnished,"Abuja (FCT), Jahi",Jahi,Abuja (FCT),Enterprise,230000000.0
4bdrm Townhouse/Terrace in Kaura for sale,280,4,4,Unfurnished,"Abuja (FCT), Kaura",Kaura,Abuja (FCT),Enterprise,320000000.0
5bdrm Townhouse/Terrace in Wuse for sale,350,5,6,Unfurnished,"Abuja (FCT), Wuse 2",Wuse 2,Abuja (FCT),Enterprise,750000000.0
Furnished 3bdrm Penthouse in Lekki for sale,250,3,4,Furnished,"Lekki, Lekki Phase 1",Lekki Phase 1,Lagos State,Enterprise,500000000.0
"Furnished 3bdrm Penthouse in Furo Ezimora, Lekki Phase 1 for sale",250,3,4,Furnished,"Lekki, Lekki Phase 1",Lekki Phase 1,Lagos State,Enterprise,400000000.0
4bdrm Duplex in Lekki for sale,450,4,4,Semi-Furnished,"Lagos State, Lekki",Lekki,Lagos State,Enterprise,600000000.0
5bdrm Duplex in Adeniyi Jones for sale,1000,5,1,Unfurnished,"Ikeja, Adeniyi Jones",Adeniyi Jones,Lagos State,Enterprise,500000000.0
3bdrm House in Ibadan for sale,1200,3,3,Unfurnished,"Oyo State, Ibadan",Ibadan,Oyo State,Enterprise,100000000.0
2bdrm Block of Flats in Katampe for sale,190,2,2,Unfurnished,"Katampe, Katampe (Main)",Katampe (Main),Abuja (FCT),Enterprise,150000000.0
3bdrm Bungalow in Life Camp for sale,650,3,3,Unfurnished,"Gwarinpa, Life Camp",Life Camp,Abuja (FCT),Enterprise,45000000.0
3bdrm Bungalow in Kubwa for sale,500,3,3,Semi-Furnished,"Abuja (FCT), Kubwa",Kubwa,Abuja (FCT),Enterprise,85000000.0
"4bdrm Duplex in Sars Rd Rukpokwu, Rumuahalu for sale",560,4,4,Semi-Furnished,"Port-Harcourt, Rumuahalu",Rumuahalu,Port-Harcourt,Enterprise,280000000.0
5bdrm Duplex in Omole Phase 1 for sale,1000,5,1,Unfurnished,"Ikeja, Omole Phase 1",Omole Phase 1,Lagos State,Enterprise,620000000.0
5bdrm Duplex in Ikate for sale,1000,5,1,Unfurnished,"Lekki, Ikate",Ikate,Lagos State,Enterprise,990000000.0
1bdrm Block of Flats in Katampe for sale,90,1,1,Unfurnished,"Katampe, Katampe (Main)",Katampe (Main),Abuja (FCT),Enterprise,110000000.0
Furnished 4bdrm Duplex in Guzape for sale,3000,4,4,Furnished,"Abuja (FCT), Guzape District",Guzape District,Abuja (FCT),Diamond,420000000.0
5bdrm Duplex in Ikota for sale,1000,5,1,Unfurnished,"Lekki, Ikota",Ikota,Lagos State,Enterprise,410000000.0
4bdrm Duplex in Lekki Phase 1 for sale,1000,4,1,Unfurnished,"Lekki, Lekki Phase 1",Lekki Phase 1,Lagos State,Enterprise,600000000.0
4bdrm Duplex in Lekki for sale,400,4,4,Semi-Furnished,"Lagos State, Lekki",Lekki,Lagos State,Enterprise,290000000.0
5bdrm Duplex in Ikota for sale,300,5,5,Semi-Furnished,"Lekki, Ikota",Ikota,Lagos State,Enterprise,300000000.0
3bdrm Apartment in Lifecamp for sale,300,3,3,Unfurnished,"Gwarinpa, Life Camp",Life Camp,Abuja (FCT),Enterprise,120000000.0
4bdrm Townhouse/Terrace in Mabushi for sale,250,4,4,Unfurnished,"Abuja (FCT), Mabushi",Mabushi,Abuja (FCT),Enterprise,320000000.0
Furnished 2bdrm Apartment in Osborne Foreshore for sale,130,2,2,Furnished,"Ikoyi, Osborne Foreshore Estate",Osborne Foreshore Estate,Lagos State,Enterprise,415000000.0
5bdrm Duplex in Lekki Expressway for sale,1000,5,1,Unfurnished,"Lekki, Lekki Expressway",Lekki Expressway,Lagos State,Enterprise,500000000.0
3bdrm Apartment in Jahi for sale,200,3,3,Unfurnished,"Abuja (FCT), Jahi",Jahi,Abuja (FCT),Enterprise,220000000.0
"5bdrm Duplex in Victoria City Estate, Lugbe District for sale",450,5,6,Unfurnished,"Abuja (FCT), Lugbe District",Lugbe District,Abuja (FCT),Enterprise,250000000.0
2bdrm Apartment in Lekki Phase 1 for sale,250,2,2,Semi-Furnished,"Lekki, Lekki Phase 1",Lekki Phase 1,Lagos State,Enterprise,305000000.0
5bdrm Duplex in Abraham Adesanya Estate for sale,1000,5,1,Unfurnished,"Ajah, Abraham Adesanya Estate",Abraham Adesanya Estate,Lagos State,Enterprise,230000000.0
3bdrm Duplex in Abraham Adesanya Estate for sale,1000,3,1,Unfurnished,"Ajah, Abraham Adesanya Estate",Abraham Adesanya Estate,Lagos State,Enterprise,145000000.0
3bdrm Duplex in Fo1 Kubwa for sale,250,3,3,Semi-Furnished,"Abuja (FCT), Kubwa",Kubwa,Abuja (FCT),Enterprise,150000000.0
Furnished 4bdrm Duplex in Graceland Estate for sale,350,4,4,Furnished,"Ajah, Graceland Estate",Graceland Estate,Lagos State,Enterprise,185000000.0
"4bdrm Duplex in Oniru Estate, Victoria Island Extension for sale",350,4,5,Semi-Furnished,"Victoria Island, Victoria Island Extension",Victoria Island Extension,Lagos State,Enterprise,675000000.0
4bdrm Duplex in Lekki for sale,400,4,4,Semi-Furnished,"Lagos State, Lekki",Lekki,Lagos State,Enterprise,200000000.0
4bdrm Duplex in Lekki Phase 1 for sale,300,4,4,Semi-Furnished,"Lekki, Lekki Phase 1",Lekki Phase 1,Lagos State,Enterprise,330000000.0
4bdrm Duplex in Chevron for sale,600,4,4,Unfurnished,"Lekki, Chevron",Chevron,Lagos State,Enterprise,200000000.0
Furnished 3bdrm Apartment in Osborne Foreshore for sale,260,3,3,Furnished,"Ikoyi, Osborne Foreshore Estate",Osborne Foreshore Estate,Lagos State,Enterprise,860000000.0
5bdrm Duplex in Chevron for sale,300,5,5,Semi-Furnished,"Lekki, Chevron",Chevron,Lagos State,Enterprise,490000000.0
4bdrm Duplex in Sangotedo for sale,300,4,4,Semi-Furnished,"Ajah, Sangotedo",Sangotedo,Lagos State,Enterprise,245000000.0
5bdrm Duplex in Lekki for sale,400,5,5,Semi-Furnished,"Lagos State, Lekki",Lekki,Lagos State,Enterprise,470000000.0
5bdrm Duplex in Chevron for sale,1000,5,1,Unfurnished,"Lekki, Chevron",Chevron,Lagos State,Enterprise,950000000.0
2bdrm Apartment in Ayobo for sale,1000,2,1,Unfurnished,"Ipaja, Ayobo",Ayobo,Lagos State,Enterprise,80000000.0
3bdrm Block of Flats in Life Camp for sale,150,3,3,Unfurnished,"Gwarinpa, Life Camp",Life Camp,Abuja (FCT),Enterprise,150000000.0
5bdrm Duplex in Ikota for sale,300,5,5,Semi-Furnished,"Lekki, Ikota",Ikota,Lagos State,Enterprise,320000000.0
4bdrm House in Oregun for sale,1000,4,1,Unfurnished,"Ikeja, Oregun",Oregun,Lagos State,Enterprise,300000000.0
"4bdrm Duplex in Palm Height Estate, Lugbe District for sale",350,4,5,Unfurnished,"Abuja (FCT), Lugbe District",Lugbe District,Abuja (FCT),Enterprise,170000000.0
4bdrm Duplex in Service Estate for sale,400,4,4,Unfurnished,"Ajah, Abraham Adesanya Estate",Abraham Adesanya Estate,Lagos State,Enterprise,180000000.0
Furnished 4bdrm Duplex in Mabushi for sale,500,4,4,Furnished,"Abuja (FCT), Mabushi",Mabushi,Abuja (FCT),Enterprise,500000000.0
4bdrm Maisonette in Osborne Foreshore Estate for sale,400,4,4,Unfurnished,"Ikoyi, Osborne Foreshore Estate",Osborne Foreshore Estate,Lagos State,Enterprise,800000000.0
3bdrm Block of Flats in Karsana for sale,30,3,3,Unfurnished,"Gwagwa, Karsana",Karsana,Abuja (FCT),Enterprise,100000000.0
5bdrm House in Yaba for sale,300,5,5,Unfurnished,"Lagos State, Yaba",Yaba,Lagos State,Enterprise,350000000.0
5bdrm Duplex in Lekki for sale,450,5,5,Semi-Furnished,"Lagos State, Lekki",Lekki,Lagos State,Enterprise,420000000.0
5bdrm Duplex in GRA Phase 1 for sale,300,5,5,Semi-Furnished,"Magodo, GRA Phase 1",GRA Phase 1,Lagos State,Enterprise,800000000.0
4bdrm Duplex in Egbeda for sale,1000,4,1,Unfurnished,"Alimosho, Egbeda",Egbeda,Lagos State,Enterprise,300000000.0
2bdrm Apartment in Gra Phase 2 P/H for sale,989,2,2,Semi-Furnished,"Port-Harcourt, GRA Phase 2 / Port-Harcourt",GRA Phase 2 / Port-Harcourt,Port-Harcourt,Enterprise,140000000.0
5bdrm Duplex in Osapa london for sale,300,5,5,Semi-Furnished,"Lekki, Osapa london",Osapa london,Lagos State,Enterprise,300000000.0
3bdrm House in Berger for sale,1000,3,1,Unfurnished,"Ojodu, Berger",Berger,Lagos State,Enterprise,65000000.0
"4bdrm Duplex in Gowon, Egbeda for sale",1000,4,1,Unfurnished,"Alimosho, Egbeda",Egbeda,Lagos State,Enterprise,250000000.0
"4bdrm Duplex in Behind Shafa, Lugbe District for sale",470,4,5,Unfurnished,"Abuja (FCT), Lugbe District",Lugbe District,Abuja (FCT),Enterprise,170000000.0
Furnished 3bdrm Apartment in Victoria Island for sale,320,3,3,Furnished,"Lagos State, Victoria Island",Victoria Island,Lagos State,Enterprise,600000000.0
1bdrm Apartment in Kaura for sale,80,1,1,Unfurnished,"Abuja (FCT), Kaura",Kaura,Abuja (FCT),Enterprise,75000000.0
3bdrm Apartment in Victoria Island for sale,300,3,3,Unfurnished,"Lagos State, Victoria Island",Victoria Island,Lagos State,Enterprise,570000000.0
6bdrm Duplex in Guzape District for sale,750,6,6,Semi-Furnished,"Abuja (FCT), Guzape District",Guzape District,Abuja (FCT),Enterprise,680000000.0
Furnished 3bdrm Bungalow in Idishin for sale,450,3,3,Furnished,"Ibadan, Idishin",Idishin,Oyo State,Enterprise,55000000.0
"4bdrm Duplex in Riverpark, Sabon Lugbe for sale",450,4,4,Unfurnished,"Lugbe District, Sabon Lugbe",Sabon Lugbe,Abuja (FCT),Enterprise,230000000.0
"4bdrm Duplex in Biltmore Estate, Dakwo District for sale",350,4,4,Unfurnished,"Abuja (FCT), Dakwo District",Dakwo District,Abuja (FCT),Enterprise,150000000.0
5bdrm Duplex in Pyakasa for sale,800,5,6,Unfurnished,"Abuja (FCT), Pyakasa",Pyakasa,Abuja (FCT),Enterprise,190000000.0
3bdrm Apartment in Dawaki By Aaliyah for sale,250,3,4,Unfurnished,"Gwarinpa, Dawaki",Dawaki,Abuja (FCT),Enterprise,45000000.0
"4bdrm Duplex in Nav Valley Homes, Asokoro for sale",650,4,4,Unfurnished,"Abuja (FCT), Asokoro",Asokoro,Abuja (FCT),Enterprise,800000000.0
4bdrm Duplex in Ado / Ajah for sale,300,4,4,Semi-Furnished,"Ajah, Ado / Ajah",Ado / Ajah,Lagos State,Enterprise,180000000.0
4bdrm Duplex in Lekki for sale,450,4,4,Semi-Furnished,"Lagos State, Lekki",Lekki,Lagos State,Enterprise,220000000.0
4bdrm Duplex in Olokonla for sale,300,4,4,Semi-Furnished,"Ajah, Olokonla",Olokonla,Lagos State,Enterprise,210000000.0
2bdrm Maisonette in Victoria Island Extension for sale,300,2,2,Semi-Furnished,"Victoria Island, Victoria Island Extension",Victoria Island Extension,Lagos State,Enterprise,400000000.0
"10bdrm Block of Flats in Akoto Estate, Akala Express for sale",500,10,10,Semi-Furnished,"Ibadan, Akala Express",Akala Express,Oyo State,Enterprise,130000000.0
4bdrm Duplex in Oregun for sale,1000,4,1,Unfurnished,"Ikeja, Oregun",Oregun,Lagos State,Enterprise,300000000.0
"3bdrm Bungalow in Shimex Estate, Pyakasa for sale",550,3,4,Unfurnished,"Abuja (FCT), Pyakasa",Pyakasa,Abuja (FCT),Enterprise,90000000.0
6bdrm Duplex in Gwarinpa Main for sale,700,6,7,Unfurnished,"Abuja (FCT), Gwarinpa",Gwarinpa,Abuja (FCT),Enterprise,850000000.0
"4bdrm Duplex in Gold City Estate, Lugbe District for sale",400,4,5,Unfurnished,"Abuja (FCT), Lugbe District",Lugbe District,Abuja (FCT),Enterprise,155000000.0
"2bdrm Apartment in Crd Fha.., Lugbe District for sale",250,2,3,Unfurnished,"Abuja (FCT), Lugbe District",Lugbe District,Abuja (FCT),Enterprise,45000000.0
4bdrm Duplex in Lekki Phase 1 for sale,300,4,4,Semi-Furnished,"Lekki, Lekki Phase 1",Lekki Phase 1,Lagos State,Enterprise,970000000.0
3bdrm Duplex in Abule Egba for sale,1000,3,1,Unfurnished,"Lagos State, Abule Egba",Abule Egba,Lagos State,Enterprise,190000000.0
5bdrm Duplex in Gaduwa for sale,400,5,6,Unfurnished,"Abuja (FCT), Gaduwa",Gaduwa,Abuja (FCT),Enterprise,340000000.0
7bdrm Duplex in Karsana for sale,500,7,7,Unfurnished,"Gwagwa, Karsana",Karsana,Abuja (FCT),Enterprise,192000000.0
"2bdrm Apartment in Hakim Dickson, Lekki Phase 1 for sale",200,2,3,Semi-Furnished,"Lekki, Lekki Phase 1",Lekki Phase 1,Lagos State,Enterprise,320000000.0
"4bdrm Duplex in Okania Estate Off, Rumueprikom for sale",320,4,4,Semi-Furnished,"Port-Harcourt, Rumueprikom",Rumueprikom,Port-Harcourt,Enterprise,80000000.0
4bdrm Duplex in Lekki for sale,300,4,4,Semi-Furnished,"Lagos State, Lekki",Lekki,Lagos State,Enterprise,230000000.0
2bdrm Apartment in Ikate for sale,300,2,2,Semi-Furnished,"Lekki, Ikate",Ikate,Lagos State,Enterprise,160000000.0
"4bdrm Duplex in Irepodun Estate, Igando / Ikotun/Igando for sale",1000,4,1,Unfurnished,"Ikotun/Igando, Igando / Ikotun/Igando",Igando / Ikotun/Igando,Lagos State,Enterprise,135000000.0
4bdrm Duplex in Oko-Oba for sale,1000,4,1,Unfurnished,"Agege, Oko-Oba",Oko-Oba,Lagos State,Enterprise,250000000.0
"5bdrm Duplex in Victoria City Scape, Lugbe District for sale",470,5,6,Unfurnished,"Abuja (FCT), Lugbe District",Lugbe District,Abuja (FCT),Enterprise,125000000.0
"Furnished 5bdrm Duplex in Majesty Estate Off, Rumueprikom for sale",520,5,5,Furnished,"Port-Harcourt, Rumueprikom",Rumueprikom,Port-Harcourt,Enterprise,450000000.0
12bdrm House in Molete for sale,300,12,4,Unfurnished,"Ibadan, Molete",Molete,Oyo State,Enterprise,18000000.0
4bdrm House in Opebi for sale,1000,4,1,Unfurnished,"Ikeja, Opebi",Opebi,Lagos State,Enterprise,400000000.0
5bdrm Duplex in Chevron for sale,300,5,5,Semi-Furnished,"Lekki, Chevron",Chevron,Lagos State,Enterprise,350000000.0
"7bdrm Duplex in Efab Metropolis, Karsana for sale",1200,7,8,Semi-Furnished,"Gwagwa, Karsana",Karsana,Abuja (FCT),Enterprise,550000000.0
"4bdrm House in Gowon, Egbeda for sale",1000,4,1,Unfurnished,"Alimosho, Egbeda",Egbeda,Lagos State,Enterprise,250000000.0
"3bdrm House in Dreamville Estate, Ibeshe / Ikorodu for sale",1000,3,1,Unfurnished,"Ikorodu, Ibeshe / Ikorodu",Ibeshe / Ikorodu,Lagos State,Enterprise,95000000.0
3bdrm Apartment in Banana Island for sale,350,3,3,Unfurnished,"Ikoyi, Banana Island",Banana Island,Lagos State,Enterprise,850000000.0
12bdrm Block of Flats in Ibadan for sale,600,12,8,Semi-Furnished,"Oyo State, Ibadan",Ibadan,Oyo State,Enterprise,99800000.0
4bdrm Duplex in Nvigwe Estate Off for sale,500,4,4,Semi-Furnished,"Port-Harcourt, Woji",Woji,Port-Harcourt,Enterprise,330000000.0
Furnished 1bdrm Duplex in Abule Egba for sale,1000,1,4,Furnished,"Lagos State, Abule Egba",Abule Egba,Lagos State,Enterprise,170000000.0
"6bdrm Duplex in Tiansvine Prime, Lugbe District for sale",450,6,7,Unfurnished,"Abuja (FCT), Lugbe District",Lugbe District,Abuja (FCT),Enterprise,300000000.0
"6bdrm Duplex in Nut Opposite River, Lugbe District for sale",530,6,7,Unfurnished,"Abuja (FCT), Lugbe District",Lugbe District,Abuja (FCT),Enterprise,370000000.0
3bdrm Apartment in Ikeja for sale,220,3,3,Unfurnished,"Lagos State, Ikeja",Ikeja,Lagos State,Enterprise,600000000.0
"3bdrm Bungalow in Shell Co Operative, Choba for sale",300,3,3,Semi-Furnished,"Port-Harcourt, Choba",Choba,Port-Harcourt,Enterprise,75000000.0
5bdrm Duplex in Chevron for sale,300,5,5,Semi-Furnished,"Lekki, Chevron",Chevron,Lagos State,Enterprise,450000000.0
3bdrm Duplex in Lekki for sale,300,3,3,Semi-Furnished,"Lagos State, Lekki",Lekki,Lagos State,Enterprise,270000000.0
3bdrm House in Ikeja GRA for sale,1000,3,1,Unfurnished,"Ikeja, Ikeja GRA",Ikeja GRA,Lagos State,Enterprise,600000000.0
"4bdrm Duplex in Orchid Road, Agungi for sale",350,4,5,Semi-Furnished,"Lekki, Agungi",Agungi,Lagos State,Enterprise,400000000.0
4bdrm Duplex in GRA Phase 1 for sale,300,4,4,Semi-Furnished,"Magodo, GRA Phase 1",GRA Phase 1,Lagos State,Enterprise,500000000.0
4bdrm Duplex in Abraham Adesanya Estate for sale,300,4,4,Semi-Furnished,"Ajah, Abraham Adesanya Estate",Abraham Adesanya Estate,Lagos State,Enterprise,260000000.0
4bdrm House in GRA Phase 1 for sale,1000,4,1,Unfurnished,"Magodo, GRA Phase 1",GRA Phase 1,Lagos State,Enterprise,350000000.0
2bdrm House in Governors Road for sale,1000,2,1,Unfurnished,"Ikotun/Igando, Governors Road",Governors Road,Lagos State,Enterprise,160000000.0
"4bdrm Duplex in Peace Garden Estate, Sangotedo for sale",300,4,5,Semi-Furnished,"Ajah, Sangotedo",Sangotedo,Lagos State,Enterprise,360000000.0
"5bdrm Duplex in River Park Estate, Lugbe District for sale",550,5,6,Unfurnished,"Abuja (FCT), Lugbe District",Lugbe District,Abuja (FCT),Enterprise,300000000.0
4bdrm Duplex in Chevron for sale,250,4,4,Unfurnished,"Lekki, Chevron",Chevron,Lagos State,Enterprise,180000000.0
4bdrm Duplex in Ikota Lekki Lagos for sale,287,4,4,Unfurnished,"Lekki, Ikota",Ikota,Lagos State,Enterprise,170000000.0
"8bdrm Mansion in River Park Estate, Lugbe District for sale",750,8,9,Unfurnished,"Abuja (FCT), Lugbe District",Lugbe District,Abuja (FCT),Enterprise,800000000.0
3bdrm Duplex in Sangotedo for sale,276,3,3,Unfurnished,"Ajah, Sangotedo",Sangotedo,Lagos State,Diamond,120000000.0
4bdrm Duplex in Chevron for sale,350,4,4,Semi-Furnished,"Lekki, Chevron",Chevron,Lagos State,Enterprise,350000000.0
"6bdrm Duplex in Unity Estate, Egbeda for sale",600,6,6,Semi-Furnished,"Alimosho, Egbeda",Egbeda,Lagos State,Diamond,200000000.0
"4bdrm Duplex in Remi Oluwode, Lekki Phase 1 for sale",400,4,5,Semi-Furnished,"Lekki, Lekki Phase 1",Lekki Phase 1,Lagos State,Enterprise,450000000.0
2bdrm Block of Flats in Ipaja for sale,900,2,2,Unfurnished,"Ipaja, Ipaja Road",Ipaja Road,Lagos State,Diamond,100000000.0
6bdrm Duplex in Ipaja / Ipaja for sale,600,6,6,Unfurnished,"Ipaja, Ipaja / Ipaja",Ipaja / Ipaja,Lagos State,Diamond,130000000.0
2bdrm Apartment in Yaba for sale,180,2,2,Semi-Furnished,"Lagos State, Yaba",Yaba,Lagos State,Enterprise,150000000.0
5bdrm Duplex in Chevron for sale,300,5,5,Semi-Furnished,"Lekki, Chevron",Chevron,Lagos State,Enterprise,520000000.0
4bdrm Duplex in Ikota Villa for sale,100,4,4,Unfurnished,"Lekki, Ikota",Ikota,Lagos State,Enterprise,150000000.0
"4bdrm Duplex in Orchid, Lekki for sale",100,4,4,Unfurnished,"Lagos State, Lekki",Lekki,Lagos State,Enterprise,230000000.0
2bdrm Apartment in Ikate for sale,100,2,2,Unfurnished,"Lekki, Ikate",Ikate,Lagos State,Enterprise,140000000.0
"Furnished 2bdrm Penthouse in Oniru, Victoria Island for sale",100,2,2,Furnished,"Lagos State, Victoria Island",Victoria Island,Lagos State,Enterprise,250000000.0
4bdrm Duplex in Ikota for sale,100,4,4,Unfurnished,"Lekki, Ikota",Ikota,Lagos State,Enterprise,180000000.0
"4bdrm Duplex in Ikota Villa Estate, Lekki for sale",100,4,4,Unfurnished,"Lagos State, Lekki",Lekki,Lagos State,Enterprise,200000000.0
5bdrm Duplex in Ajah Lekki for sale,100,5,5,Unfurnished,"Lagos State, Ajah",Ajah,Lagos State,Enterprise,300000000.0
6bdrm Duplex in Mabushi for sale,500,6,6,Unfurnished,"Abuja (FCT), Mabushi",Mabushi,Abuja (FCT),Enterprise,750000000.0
4bdrm Duplex in Magodo Phase 1 for sale,450,4,4,Unfurnished,"Magodo, GRA Phase 1",GRA Phase 1,Lagos State,Enterprise,350000000.0
1bdrm Apartment in Jahi for sale,120,1,1,Unfurnished,"Abuja (FCT), Jahi",Jahi,Abuja (FCT),Enterprise,100000000.0
5bdrm Duplex in Lekki Phase 1 for sale,298,5,5,Unfurnished,"Lekki, Lekki Phase 1",Lekki Phase 1,Lagos State,Enterprise,1000000000.0
"5bdrm Mansion in Orchid Road, Ikota for sale",276,5,5,Unfurnished,"Lekki, Ikota",Ikota,Lagos State,Enterprise,270000000.0
5bdrm Duplex in Ejigbo / Ejigbo for sale,700,5,5,Unfurnished,"Ejigbo, Ejigbo / Ejigbo",Ejigbo / Ejigbo,Lagos State,Diamond,160000000.0
4bdrm Duplex in Ikota for sale,287,4,4,Unfurnished,"Lekki, Ikota",Ikota,Lagos State,Diamond,150000000.0
"2bdrm Apartment in Lekki Phase 1, Lagos for sale",279,2,2,Unfurnished,"Lekki, Lekki Phase 1",Lekki Phase 1,Lagos State,Diamond,270000000.0
"5bdrm Duplex in Ajah, Off Lekki-Epe Expressway for sale",360,5,5,Semi-Furnished,"Ajah, Off Lekki-Epe Expressway",Off Lekki-Epe Expressway,Lagos State,Enterprise,335000000.0
"Furnished 2bdrm Block of Flats in Freedom Way, Lekki Phase 2 for sale",350,2,2,Furnished,"Lekki, Lekki Phase 2",Lekki Phase 2,Lagos State,Enterprise,200000000.0
"Furnished 2bdrm Apartment in Eko Pearls Tower, Ahmadu Bello Way",250,2,2,Furnished,"Victoria Island, Ahmadu Bello Way",Ahmadu Bello Way,Lagos State,Enterprise,950000000.0
5bdrm Duplex in Ipaja Road for sale,600,5,5,Semi-Furnished,"Ipaja, Ipaja Road",Ipaja Road,Lagos State,Diamond,160000000.0
6bdrm Duplex in Chevron for sale,456,6,7,Semi-Furnished,"Lekki, Chevron",Chevron,Lagos State,Enterprise,900000000.0
2bdrm Apartment in Lekki Phase1 for sale,100,2,2,Unfurnished,"Lekki, Lekki Phase 1",Lekki Phase 1,Lagos State,Enterprise,380000000.0
Furnished 2bdrm Apartment in Lekki Conservation for sale,100,2,2,Furnished,"Lekki, Lekki Expressway",Lekki Expressway,Lagos State,Enterprise,135000000.0
4bdrm Duplex in Ikate for sale,100,4,4,Unfurnished,"Lekki, Ikate",Ikate,Lagos State,Enterprise,400000000.0
"4bdrm Duplex in Lekki Palm City, Ado / Ajah for sale",100,4,4,Unfurnished,"Ajah, Ado / Ajah",Ado / Ajah,Lagos State,Enterprise,140000000.0
1bdrm Apartment in Ologolo for sale,100,1,1,Unfurnished,"Lekki, Ologolo",Ologolo,Lagos State,Enterprise,110000000.0
3bdrm Apartment in Ikate for sale,500,3,3,Unfurnished,"Lekki, Ikate",Ikate,Lagos State,Diamond,200000000.0
4bdrm Duplex in Lekki for sale,200,4,5,Semi-Furnished,"Lagos State, Lekki",Lekki,Lagos State,Diamond,205000000.0
3bdrm Duplex in Ado / Ajah for sale,500,3,3,Semi-Furnished,"Ajah, Ado / Ajah",Ado / Ajah,Lagos State,Diamond,125000000.0
"Furnished 4bdrm Duplex in Oniru, Victoria Island Extension for sale",300,4,5,Furnished,"Victoria Island, Victoria Island Extension",Victoria Island Extension,Lagos State,Enterprise,750000000.0
"4bdrm Duplex in Opebi, Ikeja for sale",350,4,5,Semi-Furnished,"Lagos State, Ikeja",Ikeja,Lagos State,Enterprise,350000000.0
"3bdrm Apartment in Greater Lagos, Aguda / Surulere for sale",1000,3,4,Unfurnished,"Surulere, Aguda / Surulere",Aguda / Surulere,Lagos State,Diamond,90000000.0
"3bdrm Bungalow in Odogbe Community, Ijebu Ode for sale",728,3,3,Unfurnished,"Ogun State, Ijebu Ode",Ijebu Ode,Ogun State,Basic,37000000.0
"3bdrm Bungalow in Victory Court, Sabon Lugbe for sale",500,3,3,Unfurnished,"Lugbe District, Sabon Lugbe",Sabon Lugbe,Abuja (FCT),Diamond,80000000.0
"5bdrm Duplex in Chevron, Toll Gate for sale",287,5,5,Unfurnished,"Lekki, Chevron",Chevron,Lagos State,Enterprise,500000000.0
2bdrm Apartment in Ikate for sale,700,2,2,Unfurnished,"Lekki, Ikate",Ikate,Lagos State,Enterprise,190000000.0
5bdrm Duplex in Ajah for sale,300,5,5,Semi-Furnished,"Lagos State, Ajah",Ajah,Lagos State,Enterprise,420000000.0
4bdrm Block of Flats in Ejigbo / Ejigbo for sale,600,4,3,Unfurnished,"Ejigbo, Ejigbo / Ejigbo",Ejigbo / Ejigbo,Lagos State,Diamond,110000000.0
"5bdrm Duplex in Pengassan Estate, Lokogoma for sale",600,5,6,Unfurnished,"Abuja (FCT), Lokogoma",Lokogoma,Abuja (FCT),Diamond,350000000.0
"4bdrm Duplex in Ikoyi Lagos State, Osborne Foreshore Estate for sale",389,4,4,Unfurnished,"Ikoyi, Osborne Foreshore Estate",Osborne Foreshore Estate,Lagos State,Diamond,800000000.0
"5bdrm Duplex in Curbert Court Lekki, Ajah for sale",312,5,5,Unfurnished,"Lagos State, Ajah",Ajah,Lagos State,Diamond,350000000.0
5bdrm Duplex in Ikota for sale,298,5,5,Unfurnished,"Lekki, Ikota",Ikota,Lagos State,Diamond,400000000.0
3bdrm Bungalow in Olokonla for sale,279,3,3,Unfurnished,"Ajah, Olokonla",Olokonla,Lagos State,Diamond,85000000.0
"Furnished 3bdrm Maisonette in Cadogan Estate, Osapa london for sale",250,3,3,Furnished,"Lekki, Osapa london",Osapa london,Lagos State,Enterprise,200000000.0
Furnished 5bdrm Duplex in Ikota for sale,400,5,5,Furnished,"Lekki, Ikota",Ikota,Lagos State,Enterprise,400000000.0
5bdrm Duplex in Ayobo Ipaja for sale,600,5,5,Semi-Furnished,"Ipaja, Ayobo",Ayobo,Lagos State,Diamond,120000000.0
4bdrm Duplex in Festac for sale,600,4,4,Unfurnished,"Amuwo-Odofin, Festac",Festac,Lagos State,Enterprise,220000000.0
5bdrm Duplex in Lekki Phase 1 for sale,450,5,5,Unfurnished,"Lekki, Lekki Phase 1",Lekki Phase 1,Lagos State,Enterprise,825000000.0
3bdrm Duplex in Ikoyi for sale,100,3,3,Unfurnished,"Lagos State, Ikoyi",Ikoyi,Lagos State,Enterprise,650000000.0
4bdrm Duplex in Ikate for sale,100,4,4,Unfurnished,"Lekki, Ikate",Ikate,Lagos State,Enterprise,320000000.0
5bdrm Duplex in Off Lekki-Epe Expressway for sale,500,5,5,Semi-Furnished,"Ajah, Off Lekki-Epe Expressway",Off Lekki-Epe Expressway,Lagos State,Diamond,550000000.0
3bdrm Duplex in Lekki Phase 1 for sale,500,3,3,Semi-Furnished,"Lekki, Lekki Phase 1",Lekki Phase 1,Lagos State,Diamond,300000000.0
5bdrm Duplex in Anthony Village for sale,500,5,5,Semi-Furnished,"Maryland, Anthony Village",Anthony Village,Lagos State,Diamond,320000000.0
Furnished 4bdrm Duplex in Ikate for sale,500,4,4,Furnished,"Lekki, Ikate",Ikate,Lagos State,Diamond,300000000.0
4bdrm Duplex in Osapa london for sale,500,4,4,Semi-Furnished,"Lekki, Osapa london",Osapa london,Lagos State,Diamond,850000000.0
4bdrm Duplex in Oko-Oba for sale,500,4,4,Semi-Furnished,"Agege, Oko-Oba",Oko-Oba,Lagos State,Diamond,230000000.0
2bdrm Apartment in Lekki Phase 1 for sale,500,2,2,Semi-Furnished,"Lekki, Lekki Phase 1",Lekki Phase 1,Lagos State,Diamond,230000000.0
3bdrm Apartment in Lekki Phase 1 for sale,500,3,3,Semi-Furnished,"Lekki, Lekki Phase 1",Lekki Phase 1,Lagos State,Diamond,300000000.0
4bdrm Duplex in Ogba Bus-Stop for sale,500,4,4,Semi-Furnished,"Ogba, Ogba Bus-Stop",Ogba Bus-Stop,Lagos State,Diamond,260000000.0
4bdrm Duplex in Lekki Phase 1 for sale,500,4,4,Unfurnished,"Lekki, Lekki Phase 1",Lekki Phase 1,Lagos State,Diamond,650000000.0
4bdrm Duplex in Ado / Ajah for sale,500,4,4,Semi-Furnished,"Ajah, Ado / Ajah",Ado / Ajah,Lagos State,Diamond,170000000.0
"6bdrm Duplex in Estate, Lugbe District for sale",450,6,6,Unfurnished,"Abuja (FCT), Lugbe District",Lugbe District,Abuja (FCT),Diamond,300000000.0
"4bdrm Duplex in Palm Spring Estate, Maitama for sale",700,4,5,Semi-Furnished,"Abuja (FCT), Maitama",Maitama,Abuja (FCT),Diamond,900000000.0
6bdrm Duplex in Lokogoma for sale,800,6,7,Semi-Furnished,"Abuja (FCT), Lokogoma",Lokogoma,Abuja (FCT),Diamond,500000000.0
4bdrm Duplex in Life Camp for sale,250,4,4,Unfurnished,"Gwarinpa, Life Camp",Life Camp,Abuja (FCT),Enterprise,220000000.0
4bdrm Duplex in Zone B for sale,400,4,4,Unfurnished,"Apo District, Zone B",Zone B,Abuja (FCT),Enterprise,250000000.0
"4bdrm House in Irepodun Estate, Igando / Ikotun/Igando for sale",1000,4,1,Unfurnished,"Ikotun/Igando, Igando / Ikotun/Igando",Igando / Ikotun/Igando,Lagos State,Enterprise,135000000.0
"5bdrm Duplex in Chevrons, Toll Gate, Lekki Phase 1 for sale",289,5,5,Unfurnished,"Lekki, Lekki Phase 1",Lekki Phase 1,Lagos State,Enterprise,460000000.0
"2bdrm Block of Flats in Crd Estate, Sabon Lugbe for sale",1000,2,2,Unfurnished,"Lugbe District, Sabon Lugbe",Sabon Lugbe,Abuja (FCT),Diamond,40000000.0
4bdrm Duplex in Ikota for sale,289,4,4,Unfurnished,"Lekki, Ikota",Ikota,Lagos State,Enterprise,250000000.0
"4bdrm Duplex in Harris Drive, VGC / Ajah for sale",1500,4,4,Unfurnished,"Ajah, VGC / Ajah",VGC / Ajah,Lagos State,Enterprise,160000000.0
"Furnished 3bdrm Duplex in Kola Ait, Abule Egba for sale",500,3,4,Furnished,"Lagos State, Abule Egba",Abule Egba,Lagos State,Diamond,85000000.0
Furnished 6bdrm Duplex in Mercy Land Estate for sale,500,6,6,Furnished,"Ipaja, Baruwa",Baruwa,Lagos State,Diamond,155000000.0
5bdrm Duplex in Festac for sale,600,5,5,Unfurnished,"Amuwo-Odofin, Festac",Festac,Lagos State,Enterprise,350000000.0
"4bdrm Duplex in Orchid Estate, Lekki Phase 1 for sale",600,4,4,Unfurnished,"Lekki, Lekki Phase 1",Lekki Phase 1,Lagos State,Diamond,115000000.0
"3bdrm Bungalow in Estate In Mowe Axis, Shimawa for sale",300,3,3,Unfurnished,"Sagamu, Shimawa",Shimawa,Lagos State,Diamond,65000000.0
3bdrm Apartment in Victoria Island for sale,300,3,3,Semi-Furnished,"Lagos State, Victoria Island",Victoria Island,Lagos State,Enterprise,750000000.0
"Furnished 3bdrm Duplex in Shell Cooperative, Eneka for sale",400,3,3,Furnished,"Port-Harcourt, Eneka",Eneka,Port-Harcourt,Diamond,260000000.0
"Furnished 4bdrm Penthouse in New Road Extension,, Obio-Akpor for sale",465,4,4,Furnished,"Rivers State, Obio-Akpor",Obio-Akpor,Rivers State,Diamond,95000000.0
4bdrm Duplex in Omole Phase 1 for sale,2500,4,4,Semi-Furnished,"Ikeja, Omole Phase 1",Omole Phase 1,Lagos State,Diamond,650000000.0
5bdrm Duplex in Ajah for sale,100,5,5,Unfurnished,"Lagos State, Ajah",Ajah,Lagos State,Enterprise,350000000.0
5bdrm Duplex in Orchi Lekki for sale,100,5,5,Unfurnished,"Lagos State, Lekki",Lekki,Lagos State,Enterprise,400000000.0
4bdrm Duplex in Ikate for sale,100,4,4,Unfurnished,"Lekki, Ikate",Ikate,Lagos State,Enterprise,370000000.0
3bdrm Apartment in Chevron for sale,100,3,3,Unfurnished,"Lekki, Chevron",Chevron,Lagos State,Enterprise,100000000.0
"5bdrm Duplex in Orchid, Lekki for sale",100,5,5,Unfurnished,"Lagos State, Lekki",Lekki,Lagos State,Enterprise,330000000.0
3bdrm Duplex in Ajah for sale,100,3,3,Unfurnished,"Lagos State, Ajah",Ajah,Lagos State,Enterprise,90000000.0
3bdrm Duplex in Lekki Phase 1 for sale,100,3,3,Unfurnished,"Lekki, Lekki Phase 1",Lekki Phase 1,Lagos State,Enterprise,400000000.0
4bdrm Duplex in Ogba GRA for sale,500,4,4,Semi-Furnished,"Ogba, Ogba GRA",Ogba GRA,Lagos State,Diamond,230000000.0
4bdrm Duplex in Papa Ajao / Surulere for sale,500,4,4,Semi-Furnished,"Surulere, Papa Ajao / Surulere",Papa Ajao / Surulere,Lagos State,Diamond,260000000.0
6bdrm Duplex in Chevron for sale,500,6,6,Semi-Furnished,"Lekki, Chevron",Chevron,Lagos State,Diamond,720000000.0
5bdrm Duplex in Lekki Expressway for sale,500,5,5,Semi-Furnished,"Lekki, Lekki Expressway",Lekki Expressway,Lagos State,Diamond,320000000.0
Furnished 3bdrm Apartment in Ikeja GRA for sale,500,3,3,Furnished,"Ikeja, Ikeja GRA",Ikeja GRA,Lagos State,Diamond,680000000.0
4bdrm Duplex in Omole Phase 1 for sale,500,4,4,Semi-Furnished,"Ikeja, Omole Phase 1",Omole Phase 1,Lagos State,Diamond,550000000.0
"3bdrm Block of Flats in Estate, Adeniyi Jones for sale",550,3,3,Semi-Furnished,"Ikeja, Adeniyi Jones",Adeniyi Jones,Lagos State,Enterprise,250000000.0
"4bdrm Duplex in Dpk, Chevron for sale",500,4,4,Semi-Furnished,"Lekki, Chevron",Chevron,Lagos State,Enterprise,420000000.0
5bdrm Duplex in Chevron for sale,400,5,6,Semi-Furnished,"Lekki, Chevron",Chevron,Lagos State,Enterprise,530000000.0
5bdrm Duplex in New Oko Oba for sale,400,5,6,Semi-Furnished,"Agege, New Oko Oba",New Oko Oba,Lagos State,Enterprise,300000000.0
5bdrm Duplex in Lekki Phase 1 Right for sale,450,5,6,Semi-Furnished,"Lekki, Lekki Phase 1",Lekki Phase 1,Lagos State,Enterprise,800000000.0
6bdrm Duplex in Kado for sale,800,6,7,Semi-Furnished,"Abuja (FCT), Kado",Kado,Abuja (FCT),Diamond,800000000.0
3bdrm Block of Flats in Kaura for sale,300,3,3,Unfurnished,"Abuja (FCT), Kaura",Kaura,Abuja (FCT),Enterprise,140000000.0
"5bdrm Duplex in Non, Sabon Lugbe for sale",2000,5,5,Unfurnished,"Lugbe District, Sabon Lugbe",Sabon Lugbe,Abuja (FCT),Diamond,180000000.0
4bdrm Duplex in Police Estate Kurudu for sale,1000,4,5,Semi-Furnished,"Abuja (FCT), Kurudu",Kurudu,Abuja (FCT),Diamond,160000000.0
"4bdrm Penthouse in Wealth Estate Phase2, Sabon Lugbe for sale",500,4,4,Unfurnished,"Lugbe District, Sabon Lugbe",Sabon Lugbe,Abuja (FCT),Diamond,55000000.0
"5bdrm Duplex in Orchid Road, Ikota for sale",400,5,5,Unfurnished,"Lekki, Ikota",Ikota,Lagos State,Enterprise,370000000.0
3bdrm Duplex in Ikota for sale,750,3,3,Unfurnished,"Lekki, Ikota",Ikota,Lagos State,Enterprise,150000000.0
3bdrm Apartment in Ajah for sale,200,3,3,Semi-Furnished,"Lagos State, Ajah",Ajah,Lagos State,Enterprise,85000000.0
"Furnished 10bdrm Duplex in Command, Abule Egba for sale",600,10,12,Furnished,"Lagos State, Abule Egba",Abule Egba,Lagos State,Diamond,330000000.0
Furnished 3bdrm Bungalow in Ogombo for sale,600,3,3,Furnished,"Ajah, Ogombo",Ogombo,Lagos State,Diamond,90000000.0
"3bdrm Block of Flats in Peace Estate Baruwa, for sale",650,3,3,Semi-Furnished,"Ipaja, Baruwa",Baruwa,Lagos State,Diamond,145000000.0
5bdrm Apartment in Chevron for sale,360,5,5,Semi-Furnished,"Lekki, Chevron",Chevron,Lagos State,Enterprise,480000000.0
4bdrm Duplex in Adeniyi Estate for sale,500,4,4,Unfurnished,"Maryland, LSDPC Maryland Estate",LSDPC Maryland Estate,Lagos State,Diamond,450000000.0
Furnished 4bdrm Duplex in Ikate Lekki Lagos for sale,250,4,4,Furnished,"Lekki, Ikate",Ikate,Lagos State,Diamond,420000000.0
"Furnished 5bdrm Duplex in Lekki Lagos, Osapa london for sale",300,5,5,Furnished,"Lekki, Osapa london",Osapa london,Lagos State,Diamond,900000000.0
"Furnished 4bdrm Duplex in Pinnock Beach Estate, Osapa london for sale",920,4,4,Furnished,"Lekki, Osapa london",Osapa london,Lagos State,Diamond,850000000.0
"3bdrm Bungalow in Mowe Golf Town, Obafemi-Owode for sale",300,3,4,Unfurnished,"Ogun State, Obafemi-Owode",Obafemi-Owode,Ogun State,Diamond,78000000.0
3bdrm Apartment in Lekki Phase for sale,100,3,3,Unfurnished,"Lekki, Lekki Phase 1",Lekki Phase 1,Lagos State,Enterprise,430000000.0
2bdrm Apartment in Lekki Phase 1 for sale,100,2,2,Unfurnished,"Lekki, Lekki Phase 1",Lekki Phase 1,Lagos State,Enterprise,280000000.0
4bdrm Duplex in Ikate Lekki for sale,100,4,4,Unfurnished,"Lekki, Ikate",Ikate,Lagos State,Enterprise,300000000.0
2bdrm Apartment in Ologolo for sale,100,2,2,Unfurnished,"Lekki, Ologolo",Ologolo,Lagos State,Enterprise,150000000.0
"2bdrm Apartment in Oniru, Victoria Island for sale",100,2,2,Unfurnished,"Lagos State, Victoria Island",Victoria Island,Lagos State,Enterprise,290000000.0
4bdrm Duplex in Osapa london for sale,500,4,4,Semi-Furnished,"Lekki, Osapa london",Osapa london,Lagos State,Diamond,350000000.0
3bdrm Penthouse in Lekki Phase 1 for sale,500,3,3,Semi-Furnished,"Lekki, Lekki Phase 1",Lekki Phase 1,Lagos State,Diamond,400000000.0
5bdrm Duplex in Ikota for sale,200,5,5,Semi-Furnished,"Lekki, Ikota",Ikota,Lagos State,Diamond,400000000.0
2bdrm Apartment in Ikeja GRA for sale,500,2,2,Semi-Furnished,"Ikeja, Ikeja GRA",Ikeja GRA,Lagos State,Diamond,180000000.0
2bdrm Duplex in Ajah for sale,500,2,2,Unfurnished,"Lagos State, Ajah",Ajah,Lagos State,Diamond,110000000.0
5bdrm Duplex in Ikate for sale,500,5,5,Semi-Furnished,"Lekki, Ikate",Ikate,Lagos State,Diamond,900000000.0
"4bdrm Duplex in Secured Estate, Fagba for sale",400,4,4,Semi-Furnished,"Agege, Fagba",Fagba,Lagos State,Enterprise,240000000.0
4bdrm Apartment in Abacha Estate for sale,600,4,4,Semi-Furnished,"Ikoyi, Abacha Estate",Abacha Estate,Lagos State,Diamond,377400000.0
4bdrm Duplex in Ikeja Residential for sale,400,4,5,Semi-Furnished,"Ikeja, Ikeja GRA",Ikeja GRA,Lagos State,Enterprise,260000000.0
4bdrm Duplex in Chevron for sale,600,4,4,Semi-Furnished,"Lekki, Chevron",Chevron,Lagos State,Enterprise,450000000.0
4bdrm Duplex in Ikeja Gra for sale,350,4,5,Semi-Furnished,"Ikeja, Ikeja GRA",Ikeja GRA,Lagos State,Enterprise,850000000.0
6bdrm Duplex in Durumi for sale,500,6,6,Unfurnished,"Abuja (FCT), Durumi",Durumi,Abuja (FCT),Enterprise,400000000.0
"Furnished 4bdrm Block of Flats in Ilupa, Ijebu Ode for sale",628,4,4,Furnished,"Ogun State, Ijebu Ode",Ijebu Ode,Ogun State,Basic,30000000.0
"4bdrm Bungalow in Oroki Estate, Osogbo for sale",1470,4,4,Unfurnished,"Osun State, Osogbo",Osogbo,Osun State,Diamond,70000000.0
4bdrm Duplex in Idu Karmo District for sale,1000,4,5,Semi-Furnished,"Jiwa, Idu",Idu,Abuja (FCT),Diamond,170000000.0
"4bdrm Duplex in Lekki Toll Gate, Chevron for sale",200,4,4,Unfurnished,"Lekki, Chevron",Chevron,Lagos State,Enterprise,300000000.0
4bdrm Maisonette in Lekki Phase 1 for sale,2000,4,4,Unfurnished,"Lekki, Lekki Phase 1",Lekki Phase 1,Lagos State,Enterprise,440000000.0
3bdrm Duplex in Ikota for sale,300,3,3,Semi-Furnished,"Lekki, Ikota",Ikota,Lagos State,Enterprise,165000000.0
"Furnished 12bdrm Duplex in Isuti, Igando / Ikotun/Igando for sale",648,12,12,Furnished,"Ikotun/Igando, Igando / Ikotun/Igando",Igando / Ikotun/Igando,Lagos State,Diamond,100000000.0
"Furnished 4bdrm Bungalow in Oreyo, Ikorodu Garage for sale",648,4,5,Furnished,"Ikorodu, Ikorodu Garage",Ikorodu Garage,Lagos State,Diamond,65000000.0
5bdrm Duplex in Ikota for sale,276,5,5,Unfurnished,"Lekki, Ikota",Ikota,Lagos State,Diamond,300000000.0
Furnished 4bdrm Duplex in Chevron for sale,500,4,4,Furnished,"Lekki, Chevron",Chevron,Lagos State,Enterprise,220000000.0
"4bdrm Duplex in Ikota ,Lekki for sale",278,4,4,Unfurnished,"Lekki, Ikota",Ikota,Lagos State,Diamond,220000000.0
3bdrm Apartment in Life Camp for sale,1500,3,4,Semi-Furnished,"Gwarinpa, Life Camp",Life Camp,Abuja (FCT),Diamond,900000000.0
5bdrm Duplex in Amuwo-Odofin for sale,600,5,5,Unfurnished,"Lagos State, Amuwo-Odofin",Amuwo-Odofin,Lagos State,Enterprise,350000000.0
"8bdrm Duplex in Navy Estate, Karshi for sale",1400,8,8,Semi-Furnished,"Abuja (FCT), Karshi",Karshi,Abuja (FCT),Diamond,170000000.0
"5bdrm Duplex in Guobadia, Benin City for sale",450,5,5,Unfurnished,"Edo State, Benin City",Benin City,Edo State,Diamond,150000000.0
Furnished 5bdrm Duplex in Sea Man Estate Lugbe for sale,120,5,6,Furnished,"Lugbe District, Sabon Lugbe",Sabon Lugbe,Abuja (FCT),Diamond,260000000.0
"4bdrm Duplex in Reef Court Estate,, Abuloma for sale",450,4,4,Unfurnished,"Port-Harcourt, Abuloma",Abuloma,Port-Harcourt,Diamond,600000000.0
"4bdrm Bungalow in Hope, Akobo for sale",1000,4,4,Unfurnished,"Ibadan, Akobo",Akobo,Oyo State,Diamond,45000000.0
"3bdrm Bungalow in Civic Residence, Ajah for sale",250,3,4,Semi-Furnished,"Lagos State, Ajah",Ajah,Lagos State,Diamond,100000000.0
2bdrm Apartment in Ikate for sale,140,2,2,Unfurnished,"Lekki, Ikate",Ikate,Lagos State,Diamond,180000000.0
4bdrm Duplex in Ikota Villa for sale,100,4,4,Unfurnished,"Lekki, Ikota",Ikota,Lagos State,Enterprise,250000000.0
Furnished 2bdrm Apartment in Lekki Phase 1 for sale,100,2,2,Furnished,"Lekki, Lekki Phase 1",Lekki Phase 1,Lagos State,Enterprise,320000000.0
"4bdrm Duplex in Lekki Palm City, Ado / Ajah for sale",100,4,4,Unfurnished,"Ajah, Ado / Ajah",Ado / Ajah,Lagos State,Enterprise,12000000.0
"5bdrm Duplex in Orchid, Lekki for sale",100,5,5,Unfurnished,"Lagos State, Lekki",Lekki,Lagos State,Enterprise,650000000.0
3bdrm Duplex in New Garage / Gbagada for sale,500,3,3,Semi-Furnished,"Gbagada, New Garage / Gbagada",New Garage / Gbagada,Lagos State,Diamond,230000000.0
5bdrm Duplex in Chevron for sale,200,5,5,Semi-Furnished,"Lekki, Chevron",Chevron,Lagos State,Diamond,450000000.0
3bdrm Apartment in Victoria Island Extension for sale,500,3,3,Semi-Furnished,"Victoria Island, Victoria Island Extension",Victoria Island Extension,Lagos State,Diamond,400000000.0
2bdrm Apartment in Lekki Phase 1 for sale,500,2,2,Semi-Furnished,"Lekki, Lekki Phase 1",Lekki Phase 1,Lagos State,Diamond,305000000.0
5bdrm Duplex in Guzape for sale,600,5,5,Semi-Furnished,"Abuja (FCT), Guzape District",Guzape District,Abuja (FCT),Enterprise,1000000000.0
"4bdrm Duplex in Estate, Magodo for sale",290,4,4,Semi-Furnished,"Lagos State, Magodo",Magodo,Lagos State,Enterprise,560000000.0
"2bdrm Duplex in Secured Area, Abule Egba for sale",300,2,2,Semi-Furnished,"Lagos State, Abule Egba",Abule Egba,Lagos State,Enterprise,140000000.0
4bdrm Duplex in Ajah for sale,500,4,4,Semi-Furnished,"Lagos State, Ajah",Ajah,Lagos State,Enterprise,160000000.0
2bdrm Apartment in Ajah for sale,600,2,2,Semi-Furnished,"Lagos State, Ajah",Ajah,Lagos State,Enterprise,70000000.0
2bdrm Apartment in Ikate for sale,500,2,2,Semi-Furnished,"Lekki, Ikate",Ikate,Lagos State,Enterprise,170000000.0
"4bdrm Duplex in Ogba, Ikeja for sale",300,4,5,Semi-Furnished,"Lagos State, Ikeja",Ikeja,Lagos State,Enterprise,250000000.0
5bdrm Duplex in Kado for sale,700,5,6,Semi-Furnished,"Abuja (FCT), Kado",Kado,Abuja (FCT),Diamond,750000000.0
"4bdrm Duplex in Great Citizens, Ushafa for sale",600,4,6,Unfurnished,"Bwari, Ushafa",Ushafa,Abuja (FCT),Diamond,40000000.0
"3bdrm Apartment in The Avenue, Ogudu GRA for sale",1000,3,3,Unfurnished,"Ogudu, Ogudu GRA",Ogudu GRA,Lagos State,Diamond,250000000.0
5bdrm Duplex in Osapa London for sale,287,5,5,Unfurnished,"Lekki, Osapa london",Osapa london,Lagos State,Enterprise,480000000.0
3bdrm Duplex in Ikota Gra for sale,250,3,3,Unfurnished,"Lekki, Ikota",Ikota,Lagos State,Enterprise,150000000.0
3bdrm Apartment in Lekki Phase 1 for sale,300,3,3,Semi-Furnished,"Lekki, Lekki Phase 1",Lekki Phase 1,Lagos State,Enterprise,380000000.0
4bdrm Duplex in Abraham Adesanya for sale,300,4,4,Semi-Furnished,"Surulere, Abraham Adesanya",Abraham Adesanya,Lagos State,Enterprise,150000000.0
"Furnished 3bdrm Bungalow in Millennium, Ijede / Ikorodu for sale",600,3,4,Furnished,"Ikorodu, Ijede / Ikorodu",Ijede / Ikorodu,Lagos State,Diamond,65000000.0
"4bdrm Duplex in Hilltop, Ipaja / Ipaja for sale",300,4,5,Unfurnished,"Ipaja, Ipaja / Ipaja",Ipaja / Ipaja,Lagos State,Diamond,60000000.0
5bdrm Duplex in Lekki for sale,500,5,5,Unfurnished,"Lagos State, Lekki",Lekki,Lagos State,Enterprise,700000000.0
3bdrm Duplex in Ikota for sale,500,3,3,Unfurnished,"Lekki, Ikota",Ikota,Lagos State,Enterprise,130000000.0
1bdrm Apartment in Jahi for sale,100,1,2,Semi-Furnished,"Abuja (FCT), Jahi",Jahi,Abuja (FCT),Diamond,110000000.0
4bdrm Block of Flats in Ado-Odo/Ota for sale,540,4,2,Unfurnished,"Ogun State, Ado-Odo/Ota",Ado-Odo/Ota,Ogun State,False,13000000.0
"3bdrm Bungalow in Fort Court, Akala Express for sale",250,3,4,Semi-Furnished,"Ibadan, Akala Express",Akala Express,Oyo State,Enterprise,55000000.0
4bdrm Apartment in Banana Island for sale,350,4,5,Semi-Furnished,"Ikoyi, Banana Island",Banana Island,Lagos State,Enterprise,800000000.0
4bdrm Duplex in Off Ramat Ogudu for sale,300,4,4,Semi-Furnished,"Ogudu, Ogudu-Orioke",Ogudu-Orioke,Lagos State,Diamond,60000000.0
5bdrm House in Mabushi for sale,1200,5,5,Unfurnished,"Abuja (FCT), Mabushi",Mabushi,Abuja (FCT),Enterprise,670000000.0
"Furnished 5bdrm Duplex in Estate, Life Camp for sale",2000,5,5,Furnished,"Gwarinpa, Life Camp",Life Camp,Abuja (FCT),Enterprise,500000000.0
"4bdrm Duplex in Estate., Mabushi for sale",350,4,4,Semi-Furnished,"Abuja (FCT), Mabushi",Mabushi,Abuja (FCT),Enterprise,380000000.0
"4bdrm Duplex in Estate, Lugbe District for sale",850,4,4,Semi-Furnished,"Abuja (FCT), Lugbe District",Lugbe District,Abuja (FCT),Enterprise,300000000.0
4bdrm Duplex in Ologolo for sale,100,4,4,Unfurnished,"Lekki, Ologolo",Ologolo,Lagos State,Enterprise,160000000.0
4bdrm Duplex in Ikota for sale,100,4,4,Unfurnished,"Lekki, Ikota",Ikota,Lagos State,Enterprise,160000000.0
"4bdrm Duplex in Lekki Palm City, Ado / Ajah for sale",100,4,4,Unfurnished,"Ajah, Ado / Ajah",Ado / Ajah,Lagos State,Enterprise,125000000.0
4bdrm Duplex in Ikota for sale,100,4,4,Unfurnished,"Lekki, Ikota",Ikota,Lagos State,Enterprise,150000000.0
Furnished 1bdrm Apartment in Victoria Island for sale,100,1,1,Furnished,"Lagos State, Victoria Island",Victoria Island,Lagos State,Enterprise,250000000.0
5bdrm Duplex in Lekki Expressway for sale,500,5,5,Semi-Furnished,"Lekki, Lekki Expressway",Lekki Expressway,Lagos State,Diamond,300000000.0
5bdrm Duplex in Ikate for sale,500,5,5,Semi-Furnished,"Lekki, Ikate",Ikate,Lagos State,Diamond,800000000.0
2bdrm Block of Flats in Lekki Phase 1 for sale,500,2,3,Semi-Furnished,"Lekki, Lekki Phase 1",Lekki Phase 1,Lagos State,Diamond,330000000.0
2bdrm Duplex in Lekki Phase 1 for sale,500,2,2,Semi-Furnished,"Lekki, Lekki Phase 1",Lekki Phase 1,Lagos State,Diamond,280000000.0
5bdrm Duplex in Omole Phase 1 for sale,500,5,5,Semi-Furnished,"Ikeja, Omole Phase 1",Omole Phase 1,Lagos State,Diamond,700000000.0
4bdrm Duplex in Ogudu GRA for sale,500,4,4,Semi-Furnished,"Ogudu, Ogudu GRA",Ogudu GRA,Lagos State,Diamond,480000000.0
4bdrm Duplex in New Garage / Gbagada for sale,500,4,4,Semi-Furnished,"Gbagada, New Garage / Gbagada",New Garage / Gbagada,Lagos State,Diamond,240000000.0
5bdrm House in VGC / Ajah for sale,500,5,5,Unfurnished,"Ajah, VGC / Ajah",VGC / Ajah,Lagos State,Diamond,380000000.0
6bdrm Duplex in Lekki Expressway for sale,500,6,6,Semi-Furnished,"Lekki, Lekki Expressway",Lekki Expressway,Lagos State,Diamond,400000000.0
"4bdrm Duplex in Mobolaji Johnson, Lekki Phase 1 for sale",400,4,5,Semi-Furnished,"Lekki, Lekki Phase 1",Lekki Phase 1,Lagos State,Diamond,370000000.0
"4bdrm Duplex in Secured Estate, Omole Phase 2 for sale",290,4,4,Semi-Furnished,"Ikeja, Omole Phase 2",Omole Phase 2,Lagos State,Enterprise,450000000.0
"4bdrm Duplex in Secured Area, Ifako-Ogba for sale",250,4,4,Semi-Furnished,"Ogba, Ifako-Ogba",Ifako-Ogba,Lagos State,Enterprise,240000000.0
4bdrm Duplex in Ikeja GRA for sale,600,4,4,Semi-Furnished,"Ikeja, Ikeja GRA",Ikeja GRA,Lagos State,Enterprise,450000000.0
4bdrm Duplex in Abraham Adesanya Estate for sale,620,4,4,Semi-Furnished,"Ajah, Abraham Adesanya Estate",Abraham Adesanya Estate,Lagos State,Enterprise,230000000.0
4bdrm Duplex in Jahi for sale,1185,4,4,Unfurnished,"Abuja (FCT), Jahi",Jahi,Abuja (FCT),Diamond,350000000.0
3bdrm Apartment in Lekki Phase1 for sale,600,3,3,Semi-Furnished,"Lekki, Lekki Phase 1",Lekki Phase 1,Lagos State,Enterprise,480000000.0
5bdrm Duplex in Lekki Phase1 for sale,600,5,5,Semi-Furnished,"Lekki, Lekki Phase 1",Lekki Phase 1,Lagos State,Enterprise,850000000.0
4bdrm Duplex in Uzoba for sale,700,4,4,Semi-Furnished,"Port-Harcourt, Uzoba",Uzoba,Port-Harcourt,Diamond,250000000.0
6bdrm Duplex in Trans Amadi for sale,465,6,8,Semi-Furnished,"Port-Harcourt, Trans Amadi",Trans Amadi,Port-Harcourt,Diamond,250000000.0
Furnished 5bdrm Duplex in Magodo Phase 1 for sale,250,5,6,Furnished,"Magodo, GRA Phase 1",GRA Phase 1,Lagos State,Enterprise,600000000.0
"5bdrm Duplex in Lekki, Osapa london for sale",600,5,3,Unfurnished,"Lekki, Osapa london",Osapa london,Lagos State,Diamond,990000000.0
5bdrm Duplex in Asokoro for sale,900,5,5,Unfurnished,"Abuja (FCT), Asokoro",Asokoro,Abuja (FCT),Enterprise,600000000.0
4bdrm Duplex in Dawaki for sale,250,4,5,Semi-Furnished,"Gwarinpa, Dawaki",Dawaki,Abuja (FCT),Diamond,200000000.0
3bdrm Duplex in Gaduwa for sale,250,3,5,Unfurnished,"Abuja (FCT), Gaduwa",Gaduwa,Abuja (FCT),Diamond,220000000.0
3bdrm Apartment in Katampe (Main) for sale,100,3,4,Unfurnished,"Katampe, Katampe (Main)",Katampe (Main),Abuja (FCT),Diamond,130000000.0
4bdrm Duplex in Life Camp for sale,200,4,5,Semi-Furnished,"Gwarinpa, Life Camp",Life Camp,Abuja (FCT),Diamond,165000000.0
"3bdrm Duplex in Unity House, Marina for sale",1000,3,4,Unfurnished,"Lagos Island (Eko), Marina",Marina,Lagos State,Diamond,125000000.0
1bdrm Apartment in Ajiwe for sale,250,1,1,Unfurnished,"Ajah, Ajiwe",Ajiwe,Lagos State,Enterprise,70000000.0
4bdrm Duplex in Ikota for sale,300,4,4,Unfurnished,"Lekki, Ikota",Ikota,Lagos State,Enterprise,180000000.0
4bdrm Duplex in Abraham Adesanya Estate for sale,320,4,4,Unfurnished,"Ajah, Abraham Adesanya Estate",Abraham Adesanya Estate,Lagos State,Enterprise,130000000.0
3bdrm Duplex in Abijo for sale,250,3,3,Unfurnished,"Ibeju, Abijo",Abijo,Lagos State,Enterprise,100000000.0
"4bdrm Duplex in Chief Lateef Oyelade, Rind Road for sale",500,4,5,Semi-Furnished,"Ibadan, Rind Road",Rind Road,Oyo State,Enterprise,200000000.0
"4bdrm Duplex in Lekki Palm City, Ado / Ajah for sale",400,4,4,Unfurnished,"Ajah, Ado / Ajah",Ado / Ajah,Lagos State,Enterprise,200000000.0
"3bdrm Block of Flats in Of Granmate, Ago Palace for sale",250,3,2,Semi-Furnished,"Isolo, Ago Palace",Ago Palace,Lagos State,Diamond,250000000.0
4bdrm Duplex in Lekki Expressway for sale,300,4,4,Semi-Furnished,"Lekki, Lekki Expressway",Lekki Expressway,Lagos State,Enterprise,250000000.0
"Furnished 3bdrm Bungalow in Eleshin, Ijede / Ikorodu for sale",600,3,4,Furnished,"Ikorodu, Ijede / Ikorodu",Ijede / Ikorodu,Lagos State,Diamond,45000000.0
"Furnished 3bdrm Bungalow in Ewu Owa, Gberigbe for sale",600,3,4,Furnished,"Ikorodu, Gberigbe",Gberigbe,Lagos State,Diamond,45000000.0
"Furnished 4bdrm Duplex in Love Estate, Ijede / Ikorodu for sale",300,4,4,Furnished,"Ikorodu, Ijede / Ikorodu",Ijede / Ikorodu,Lagos State,Diamond,70000000.0
Furnished 6bdrm Duplex in Port-Harcourt for sale,1000,6,6,Furnished,"Rivers State, Port-Harcourt",Port-Harcourt,Rivers State,Enterprise,500000000.0
"5bdrm Duplex in Orchid Road, Ikota for sale",298,5,5,Unfurnished,"Lekki, Ikota",Ikota,Lagos State,Diamond,550000000.0
"3bdrm House in Beechwood Park, Lakowe for sale",400,3,3,Unfurnished,"Ibeju, Lakowe",Lakowe,Lagos State,Diamond,150000000.0
5bdrm Duplex in Ikotun / Ikotun/Igando for sale,600,5,5,Unfurnished,"Ikotun/Igando, Ikotun / Ikotun/Igando",Ikotun / Ikotun/Igando,Lagos State,Diamond,150000000.0
5bdrm Duplex in Jahi for sale,250,5,5,Unfurnished,"Abuja (FCT), Jahi",Jahi,Abuja (FCT),Diamond,600000000.0
4bdrm Duplex in Ire Akari Estate for sale,650,4,4,Semi-Furnished,"Isolo, Ire Akari",Ire Akari,Lagos State,Diamond,180000000.0
Furnished 4bdrm Duplex in Sangotedo for sale,250,4,4,Furnished,"Ajah, Sangotedo",Sangotedo,Lagos State,Diamond,165000000.0
"Furnished 3bdrm Bungalow in Supercell Estate, Apo Resettlement for sale",500,3,4,Furnished,"Apo District, Apo Resettlement",Apo Resettlement,Abuja (FCT),Diamond,140000000.0
4bdrm Duplex in Life Camp Abuja for sale,400,4,5,Unfurnished,"Gwarinpa, Life Camp",Life Camp,Abuja (FCT),Enterprise,350000000.0
4bdrm Duplex in Ikeja Gra Lagos for sale,350,4,5,Unfurnished,"Ikeja, Ikeja GRA",Ikeja GRA,Lagos State,Enterprise,950000000.0
3bdrm Apartment in Opebi Ikeja for sale,150,3,4,Unfurnished,"Ikeja, Opebi",Opebi,Lagos State,Enterprise,200000000.0
2bdrm Apartment in Eneka Estate for sale,900,2,2,Unfurnished,"Port-Harcourt, Eneka",Eneka,Port-Harcourt,Diamond,230000000.0
"4bdrm Duplex in Thomas Estate, Ajah for sale",400,4,6,Unfurnished,"Lagos State, Ajah",Ajah,Lagos State,Diamond,145000000.0
4bdrm Bungalow in Igando-Oloja for sale,500,4,4,Semi-Furnished,"Ibeju, Igando-Oloja",Igando-Oloja,Lagos State,Diamond,80000000.0
3bdrm Block of Flats in Katampe (Main) for sale,300,3,3,Unfurnished,"Katampe, Katampe (Main)",Katampe (Main),Abuja (FCT),Enterprise,220000000.0
"3bdrm Duplex in Oribanwa Phase 2, for sale",100,3,3,Unfurnished,"Lekki, Lekki Phase 2",Lekki Phase 2,Lagos State,Enterprise,110000000.0
2bdrm Apartment in Lekki Phase 1 for sale,100,2,2,Unfurnished,"Lekki, Lekki Phase 1",Lekki Phase 1,Lagos State,Enterprise,270000000.0
"4bdrm Bungalow in Aye Community Oda, Akure for sale",900,4,5,Semi-Furnished,"Ondo State, Akure",Akure,Ondo State,Diamond,55000000.0
1bdrm Apartment in Ologolo for sale,100,1,1,Unfurnished,"Lekki, Ologolo",Ologolo,Lagos State,Enterprise,90000000.0
4bdrm Duplex in Lekki Expressway for sale,500,4,4,Semi-Furnished,"Lekki, Lekki Expressway",Lekki Expressway,Lagos State,Diamond,300000000.0
4bdrm Duplex in Phase 1 / Gbagada for sale,500,4,4,Semi-Furnished,"Gbagada, Phase 1 / Gbagada",Phase 1 / Gbagada,Lagos State,Diamond,250000000.0
5bdrm Duplex in Chevron for sale,500,5,5,Semi-Furnished,"Lekki, Chevron",Chevron,Lagos State,Diamond,450000000.0
2bdrm Apartment in Egbeda for sale,500,2,2,Semi-Furnished,"Alimosho, Egbeda",Egbeda,Lagos State,Diamond,250000000.0
4bdrm Duplex in Ikota for sale,500,4,4,Unfurnished,"Lekki, Ikota",Ikota,Lagos State,Diamond,150000000.0
5bdrm Duplex in Lekki for sale,500,5,5,Unfurnished,"Lagos State, Lekki",Lekki,Lagos State,Diamond,650000000.0
3bdrm Duplex in Lekki Phase 1 for sale,500,3,3,Semi-Furnished,"Lekki, Lekki Phase 1",Lekki Phase 1,Lagos State,Diamond,600000000.0
4bdrm Duplex in Ogba Bus-Stop for sale,500,4,4,Semi-Furnished,"Ogba, Ogba Bus-Stop",Ogba Bus-Stop,Lagos State,Diamond,250000000.0
4bdrm Duplex in Lekki Expressway for sale,500,4,4,Semi-Furnished,"Lekki, Lekki Expressway",Lekki Expressway,Lagos State,Diamond,350000000.0
"2bdrm House in With-God, Akala Express for sale",500,2,2,Semi-Furnished,"Ibadan, Akala Express",Akala Express,Oyo State,Enterprise,53000000.0
"16bdrm House in Old Ife Road, Alakia for sale",400,16,4,Unfurnished,"Ibadan, Alakia",Alakia,Oyo State,Enterprise,35000000.0
"4bdrm Duplex in Secured Area, Dopemu for sale",300,4,4,Semi-Furnished,"Alimosho, Dopemu",Dopemu,Lagos State,Enterprise,190000000.0
"2bdrm Block of Flats in Secured Estate, Ogba GRA for sale",900,2,2,Semi-Furnished,"Ogba, Ogba GRA",Ogba GRA,Lagos State,Enterprise,120000000.0
"Furnished 2bdrm Block of Flats in Secured Area, Aguda / Ogba for sale",550,2,2,Furnished,"Ogba, Aguda / Ogba",Aguda / Ogba,Lagos State,Enterprise,670000000.0
5bdrm Duplex in Magodo Gra Phase 1 for sale,500,5,5,Unfurnished,"Magodo, GRA Phase 1",GRA Phase 1,Lagos State,Enterprise,330000000.0
"3bdrm Apartment in Awuse, Opebi for sale",250,3,4,Unfurnished,"Ikeja, Opebi",Opebi,Lagos State,Enterprise,350000000.0
5bdrm Duplex in Magodo Gra Phase 2 for sale,600,5,5,Semi-Furnished,"Magodo, GRA Phase 2 Shangisha",GRA Phase 2 Shangisha,Lagos State,Enterprise,780000000.0
4bdrm Duplex in Isheri North Opic for sale,500,4,4,Unfurnished,"Ojodu, Isheri North",Isheri North,Lagos State,Enterprise,150000000.0
4bdrm Duplex in Ikate for sale,500,4,4,Semi-Furnished,"Lekki, Ikate",Ikate,Lagos State,Enterprise,450000000.0
"3bdrm Block of Flats in With Bq, Mabushi for sale",400,3,3,Semi-Furnished,"Abuja (FCT), Mabushi",Mabushi,Abuja (FCT),Diamond,180000000.0
"4bdrm Duplex in Orchid, Lekki for sale",350,4,4,Unfurnished,"Lagos State, Lekki",Lekki,Lagos State,Diamond,190000000.0
5bdrm Duplex in Ologolo for sale,400,5,5,Unfurnished,"Lekki, Ologolo",Ologolo,Lagos State,Diamond,320000000.0
"4bdrm Duplex in Opic, Isheri North for sale",350,4,5,Semi-Furnished,"Ojodu, Isheri North",Isheri North,Lagos State,Enterprise,220000000.0
"4bdrm Duplex in Opic, Isheri North for sale",400,4,5,Semi-Furnished,"Ojodu, Isheri North",Isheri North,Lagos State,Enterprise,270000000.0
2bdrm Block of Flats in Kaura for sale,300,2,2,Unfurnished,"Abuja (FCT), Kaura",Kaura,Abuja (FCT),Enterprise,100000000.0
4bdrm Duplex in Durumi for sale,350,4,4,Unfurnished,"Abuja (FCT), Durumi",Durumi,Abuja (FCT),Enterprise,250000000.0
3bdrm Apartment in Wuye for sale,100,3,4,Unfurnished,"Abuja (FCT), Wuye",Wuye,Abuja (FCT),Diamond,170000000.0
"4bdrm Duplex in A Secured Code To, Ado / Ajah for sale",350,4,5,Unfurnished,"Ajah, Ado / Ajah",Ado / Ajah,Lagos State,Diamond,155000000.0
"5bdrm Duplex in A Well Secured, Chevron for sale",400,5,6,Unfurnished,"Lekki, Chevron",Chevron,Lagos State,Diamond,490000000.0
3bdrm Apartment in Dawaki for sale,150,3,4,Semi-Furnished,"Gwarinpa, Dawaki",Dawaki,Abuja (FCT),Diamond,120000000.0
6bdrm Duplex in Jabi for sale,350,6,6,Unfurnished,"Abuja (FCT), Jabi",Jabi,Abuja (FCT),Diamond,400000000.0
"5bdrm Duplex in A Well Secured, Ikate for sale",400,5,5,Unfurnished,"Lekki, Ikate",Ikate,Lagos State,Diamond,570000000.0
"4bdrm Penthouse in Ajao Estate, Airport Road / Oshodi for sale",1000,4,4,Unfurnished,"Oshodi, Airport Road / Oshodi",Airport Road / Oshodi,Lagos State,Diamond,250000000.0
4bdrm Bungalow in Ibadan for sale,1000,4,5,Unfurnished,"Oyo State, Ibadan",Ibadan,Oyo State,Diamond,220000000.0
3bdrm Bungalow in Ibadan for sale,312,3,3,Unfurnished,"Oyo State, Ibadan",Ibadan,Oyo State,Diamond,45000000.0
Furnished 5bdrm Duplex in Ibadan for sale,760,5,6,Furnished,"Oyo State, Ibadan",Ibadan,Oyo State,Diamond,320000000.0
4bdrm Duplex in Carlton Gate Estate for sale,700,4,4,Unfurnished,"Oyo State, Ibadan",Ibadan,Oyo State,Diamond,270000000.0
3bdrm Bungalow in Lake Estate Mopol for sale,500,3,4,Semi-Furnished,"Abuja (FCT), Kubwa",Kubwa,Abuja (FCT),Diamond,60000000.0
Furnished 4bdrm Duplex in Phase 1 for sale,1450,4,4,Furnished,"Lekki, Lekki Phase 1",Lekki Phase 1,Lagos State,Enterprise,600000000.0
5bdrm Duplex in Ado / Ajah for sale,250,5,5,Unfurnished,"Ajah, Ado / Ajah",Ado / Ajah,Lagos State,Enterprise,300000000.0
"4bdrm Duplex in Orchid, Chevron for sale",250,4,4,Unfurnished,"Lekki, Chevron",Chevron,Lagos State,Enterprise,170000000.0
4bdrm Duplex in Agungi for sale,1200,4,4,Unfurnished,"Lekki, Agungi",Agungi,Lagos State,Enterprise,180000000.0
"2bdrm Apartment in Ikate, Lekki for sale",300,2,2,Unfurnished,"Lekki, Ikate",Ikate,Lagos State,Enterprise,160000000.0
"2bdrm Apartment in Oniru, Victoria Island Extension for sale",300,2,2,Unfurnished,"Victoria Island, Victoria Island Extension",Victoria Island Extension,Lagos State,Enterprise,300000000.0
"4bdrm Duplex in Dantata Estate, for sale",400,4,5,Semi-Furnished,"Abuja (FCT), Kubwa",Kubwa,Abuja (FCT),Diamond,195000000.0
"4bdrm Duplex in Orchid Road, Ikota for sale",284,4,4,Unfurnished,"Lekki, Ikota",Ikota,Lagos State,Enterprise,290000000.0
"2bdrm Apartment in Mobile Road, Ajah for sale",200,2,2,Semi-Furnished,"Lagos State, Ajah",Ajah,Lagos State,Enterprise,80000000.0
"8bdrm Block of Flats in Majek Abijo, Sangotedo for sale",500,8,8,Unfurnished,"Ajah, Sangotedo",Sangotedo,Lagos State,Diamond,100000000.0
4bdrm Duplex in Lekki Phase 2 for sale,400,4,4,Semi-Furnished,"Lekki, Lekki Phase 2",Lekki Phase 2,Lagos State,Diamond,125000000.0
4bdrm Duplex in Magodo Phase 2 for sale,400,4,4,Unfurnished,"Magodo, GRA Phase 2 Shangisha",GRA Phase 2 Shangisha,Lagos State,Diamond,620000000.0
"4bdrm Block of Flats in Akute, Ojodu for sale",635,4,4,Unfurnished,"Lagos State, Ojodu",Ojodu,Lagos State,Diamond,170000000.0
3bdrm Apartment in Ifako-Gbagada for sale,350,3,3,Semi-Furnished,"Gbagada, Ifako-Gbagada",Ifako-Gbagada,Lagos State,Enterprise,145000000.0
Furnished 2bdrm Apartment in Lekki for sale,360,2,2,Furnished,"Lekki, Lekki Phase 1",Lekki Phase 1,Lagos State,Enterprise,280000000.0
"5bdrm Duplex in Orchid, Chevron for sale",360,5,5,Semi-Furnished,"Lekki, Chevron",Chevron,Lagos State,Enterprise,420000000.0
"4bdrm House in Ajah, Abraham Adesanya Estate for sale",100,4,4,Semi-Furnished,"Ajah, Abraham Adesanya Estate",Abraham Adesanya Estate,Lagos State,Diamond,198000000.0
3bdrm Block of Flats in Garki 2 for sale,1000,3,4,Unfurnished,"Abuja (FCT), Garki 2",Garki 2,Abuja (FCT),Diamond,750000000.0
"Furnished 3bdrm Block of Flats in Peace Estate, Baruwa for sale",600,3,3,Furnished,"Ipaja, Baruwa",Baruwa,Lagos State,Diamond,135000000.0
"Furnished 2bdrm Block of Flats in Chief Olubode Estate, Egbeda for sale",150,2,2,Furnished,"Alimosho, Egbeda",Egbeda,Lagos State,Diamond,150000000.0
"Furnished 1bdrm Block of Flats in Okude, Ipaja / Ipaja for sale",600,1,1,Furnished,"Ipaja, Ipaja / Ipaja",Ipaja / Ipaja,Lagos State,Diamond,75000000.0
4bdrm Duplex in Adeniyi Jones Axis for sale,400,4,4,Unfurnished,"Ikeja, Adeniyi Jones",Adeniyi Jones,Lagos State,Diamond,430000000.0
5bdrm Duplex in Ajao Estate Airport for sale,650,5,6,Semi-Furnished,"Isolo, Ajao Estate",Ajao Estate,Lagos State,Diamond,260000000.0
5bdrm Duplex in Lekki Lagos for sale,300,5,5,Semi-Furnished,"Lekki, Lekki Phase 1",Lekki Phase 1,Lagos State,Diamond,600000000.0
"3bdrm Block of Flats in Unity Estate Off, Alimosho for sale",650,3,3,Unfurnished,"Lagos State, Alimosho",Alimosho,Lagos State,Diamond,200000000.0
Furnished 5bdrm Duplex in Zone B for sale,600,5,6,Furnished,"Apo District, Zone B",Zone B,Abuja (FCT),Diamond,650000000.0
"4bdrm Bungalow in Okoromi. Airport, Benin City for sale",4504,4,6,Unfurnished,"Edo State, Benin City",Benin City,Edo State,Diamond,50000000.0
"3bdrm Block of Flats in Okabere, Benin City for sale",900,3,3,Unfurnished,"Edo State, Benin City",Benin City,Edo State,Diamond,75000000.0
Furnished 3bdrm Apartment in Adeniyi Jones Ikeja for sale,150,3,4,Furnished,"Ikeja, Adeniyi Jones",Adeniyi Jones,Lagos State,Enterprise,300000000.0
Furnished 5bdrm Duplex in Adeniyi Jones Ikeja for sale,150,5,6,Furnished,"Ikeja, Adeniyi Jones",Adeniyi Jones,Lagos State,Enterprise,650000000.0
4bdrm Duplex in Maryland Lagos for sale,450,4,5,Unfurnished,"Lagos State, Maryland",Maryland,Lagos State,Enterprise,320000000.0
4bdrm Duplex in Orchid Lekki Lagos for sale,250,4,5,Unfurnished,"Lagos State, Lekki",Lekki,Lagos State,Enterprise,180000000.0
4bdrm Duplex in Adeniyi Jones Lagos for sale,150,4,5,Semi-Furnished,"Ikeja, Adeniyi Jones",Adeniyi Jones,Lagos State,Enterprise,320000000.0
4bdrm Duplex in Ogudu GRA for sale,500,4,5,Unfurnished,"Ogudu, Ogudu GRA",Ogudu GRA,Lagos State,Enterprise,450000000.0
"4bdrm Duplex in Lifecamp, Abuja for sale",300,4,5,Semi-Furnished,"Gwarinpa, Life Camp",Life Camp,Abuja (FCT),Enterprise,110000000.0
"4bdrm Duplex in Estate Akwaka, Ruuodomaya for sale",289,4,4,Unfurnished,"Port-Harcourt, Ruuodomaya",Ruuodomaya,Port-Harcourt,Diamond,200000000.0
6bdrm Duplex in Lugbe District. for sale,600,6,7,Unfurnished,"Lugbe District, Sabon Lugbe",Sabon Lugbe,Abuja (FCT),Diamond,85000000.0
"Furnished 6bdrm Duplex in Stadium Estate, Rumuomasi for sale",675,6,6,Furnished,"Port-Harcourt, Rumuomasi",Rumuomasi,Port-Harcourt,Diamond,350000000.0
"3bdrm Bungalow in Goldmind Estate, FHA for sale",750,3,4,Semi-Furnished,"Lugbe District, FHA",FHA,Abuja (FCT),Diamond,65000000.0
2bdrm Apartment in Lekki Phase 1 for sale,1000,2,2,Unfurnished,"Lekki, Lekki Phase 1",Lekki Phase 1,Lagos State,Diamond,200000000.0
"5bdrm Duplex in Judges Quarters, Gwarinpa for sale",1000,5,5,Unfurnished,"Abuja (FCT), Gwarinpa",Gwarinpa,Abuja (FCT),Diamond,350000000.0
3bdrm Block of Flats in Katampe (Main) for sale,300,3,3,Semi-Furnished,"Katampe, Katampe (Main)",Katampe (Main),Abuja (FCT),Enterprise,150000000.0
4bdrm Duplex in Ikota for sale,100,4,4,Unfurnished,"Lekki, Ikota",Ikota,Lagos State,Enterprise,130000000.0
"5bdrm Duplex in Orchid, Lekki for sale",100,5,5,Unfurnished,"Lagos State, Lekki",Lekki,Lagos State,Enterprise,680000000.0
"5bdrm Duplex in Mobile Road, Ajah for sale",100,5,5,Unfurnished,"Lagos State, Ajah",Ajah,Lagos State,Enterprise,275000000.0
"4bdrm Duplex in Orchid, Lekki for sale",100,4,4,Unfurnished,"Lagos State, Lekki",Lekki,Lagos State,Enterprise,200000000.0
5bdrm Duplex in Second Lekki for sale,100,5,5,Unfurnished,"Lagos State, Lekki",Lekki,Lagos State,Enterprise,480000000.0
5bdrm Duplex in Orchid Lekki for sale,100,5,5,Unfurnished,"Lagos State, Lekki",Lekki,Lagos State,Enterprise,350000000.0
"4bdrm Duplex in Orchid, Lekki for sale",100,4,4,Unfurnished,"Lagos State, Lekki",Lekki,Lagos State,Enterprise,160000000.0
"4bdrm Duplex in Ajah, Lekki for sale",100,4,4,Unfurnished,"Lagos State, Ajah",Ajah,Lagos State,Enterprise,170000000.0
"4bdrm Duplex in General Paint, Off Lekki-Epe Expressway for sale",100,4,4,Unfurnished,"Ajah, Off Lekki-Epe Expressway",Off Lekki-Epe Expressway,Lagos State,Enterprise,165000000.0
"5bdrm Duplex in Lekki Palm City, Ado / Ajah for sale",100,5,5,Unfurnished,"Ajah, Ado / Ajah",Ado / Ajah,Lagos State,Enterprise,195000000.0
"4bdrm Duplex in In A Gated Estate, Ado / Ajah for sale",200,4,4,Unfurnished,"Ajah, Ado / Ajah",Ado / Ajah,Lagos State,Diamond,140000000.0
5bdrm Duplex in Lekki Expressway for sale,500,5,5,Semi-Furnished,"Lekki, Lekki Expressway",Lekki Expressway,Lagos State,Diamond,550000000.0
4bdrm Duplex in Ikota for sale,200,4,4,Unfurnished,"Lekki, Ikota",Ikota,Lagos State,Diamond,200000000.0
4bdrm Duplex in Berger for sale,500,4,4,Semi-Furnished,"Ojodu, Berger",Berger,Lagos State,Diamond,290000000.0
5bdrm Duplex in Lekki Phase 1 for sale,500,5,5,Semi-Furnished,"Lekki, Lekki Phase 1",Lekki Phase 1,Lagos State,Diamond,650000000.0
5bdrm Duplex in Lekki Expressway for sale,500,5,5,Semi-Furnished,"Lekki, Lekki Expressway",Lekki Expressway,Lagos State,Diamond,450000000.0
2bdrm Apartment in Chevron for sale,500,2,2,Semi-Furnished,"Lekki, Chevron",Chevron,Lagos State,Diamond,160000000.0
5bdrm Duplex in Omole Phase 1 for sale,500,5,5,Semi-Furnished,"Ikeja, Omole Phase 1",Omole Phase 1,Lagos State,Diamond,950000000.0
4bdrm Duplex in Chevron for sale,500,4,4,Unfurnished,"Lekki, Chevron",Chevron,Lagos State,Diamond,350000000.0
4bdrm Duplex in GRA Phase 1 for sale,500,4,4,Semi-Furnished,"Magodo, GRA Phase 1",GRA Phase 1,Lagos State,Diamond,420000000.0
1bdrm Apartment in Lekki Expressway for sale,500,1,1,Unfurnished,"Lekki, Lekki Expressway",Lekki Expressway,Lagos State,Diamond,82000000.0
4bdrm Duplex in Lekki Phase 1 for sale,500,4,4,Semi-Furnished,"Lekki, Lekki Phase 1",Lekki Phase 1,Lagos State,Diamond,370000000.0
4bdrm Duplex in Papa Ajao / Mushin for sale,500,4,4,Semi-Furnished,"Mushin, Papa Ajao / Mushin",Papa Ajao / Mushin,Lagos State,Diamond,320000000.0
5bdrm Duplex in Lekki for sale,500,5,5,Unfurnished,"Lagos State, Lekki",Lekki,Lagos State,Diamond,430000000.0
2bdrm Maisonette in Cement for sale,500,2,2,Semi-Furnished,"Agege, Cement",Cement,Lagos State,Diamond,140000000.0
"4bdrm Duplex in Admiralty Estate, Asokoro for sale",1000,4,4,Unfurnished,"Abuja (FCT), Asokoro",Asokoro,Abuja (FCT),Diamond,915000000.0
Furnished 5bdrm Duplex in Oluyole for sale,500,5,5,Furnished,"Oyo State, Oluyole",Oluyole,Oyo State,Enterprise,385000000.0
"5bdrm Duplex in Estate, Ado / Ajah for sale",250,5,5,Semi-Furnished,"Ajah, Ado / Ajah",Ado / Ajah,Lagos State,Enterprise,200000000.0
"5bdrm Duplex in Estate, Chevron for sale",400,5,5,Semi-Furnished,"Lekki, Chevron",Chevron,Lagos State,Enterprise,650000000.0
3bdrm Apartment in Lekki Phase 1 Lagos for sale,500,3,3,Semi-Furnished,"Lekki, Lekki Phase 1",Lekki Phase 1,Lagos State,Enterprise,340000000.0
"5bdrm Duplex in Orchild Road, Chevron for sale",500,5,5,Semi-Furnished,"Lekki, Chevron",Chevron,Lagos State,Enterprise,400000000.0
2bdrm Block of Flats in Obio-Akpor for sale,4200,2,3,Unfurnished,"Rivers State, Obio-Akpor",Obio-Akpor,Rivers State,Diamond,550000000.0
"3bdrm Block of Flats in With Bq, Dakibiyu for sale",2000,3,4,Semi-Furnished,"Abuja (FCT), Dakibiyu",Dakibiyu,Abuja (FCT),Diamond,160000000.0
"3bdrm Block of Flats in Afijagba, Alakia for sale",557,3,3,Unfurnished,"Ibadan, Alakia",Alakia,Oyo State,Diamond,50000000.0
4bdrm Duplex in Chevron for sale,350,4,5,Semi-Furnished,"Lekki, Chevron",Chevron,Lagos State,Enterprise,450000000.0
5bdrm Duplex in Durumi for sale,600,5,5,Unfurnished,"Abuja (FCT), Durumi",Durumi,Abuja (FCT),Enterprise,300000000.0
"5bdrm Bungalow in Okebadan Estate, for sale",500,5,5,Semi-Furnished,"Ibadan, Akobo",Akobo,Oyo State,Diamond,125000000.0
3bdrm Block of Flats in Katampe (Main) for sale,200,3,4,Semi-Furnished,"Katampe, Katampe (Main)",Katampe (Main),Abuja (FCT),Diamond,130000000.0
7bdrm Duplex in Gwarinpa Karsana for sale,800,7,8,Semi-Furnished,"Abuja (FCT), Gwarinpa",Gwarinpa,Abuja (FCT),Diamond,470000000.0
2bdrm Block of Flats in Jahi for sale,100,2,3,Unfurnished,"Abuja (FCT), Jahi",Jahi,Abuja (FCT),Diamond,120000000.0
3bdrm Block of Flats in Mabushi for sale,180,3,5,Unfurnished,"Abuja (FCT), Mabushi",Mabushi,Abuja (FCT),Diamond,230000000.0
4bdrm Duplex in Lugbe District for sale,310,4,4,Unfurnished,"Abuja (FCT), Lugbe District",Lugbe District,Abuja (FCT),Diamond,390000000.0
"1bdrm Apartment in A Secured Gated, Ologolo for sale",300,1,1,Unfurnished,"Lekki, Ologolo",Ologolo,Lagos State,Diamond,80000000.0
4bdrm Duplex in Kaura for sale,150,4,5,Unfurnished,"Abuja (FCT), Kaura",Kaura,Abuja (FCT),Diamond,160000000.0
4bdrm Duplex in Mabushi for sale,260,4,5,Unfurnished,"Abuja (FCT), Mabushi",Mabushi,Abuja (FCT),Diamond,380000000.0
4bdrm Duplex in Kado for sale,250,4,5,Unfurnished,"Abuja (FCT), Kado",Kado,Abuja (FCT),Diamond,450000000.0
5bdrm Duplex in Akobo Estate Ibadan for sale,400,5,6,Semi-Furnished,"Ibadan, Akobo",Akobo,Oyo State,Diamond,200000000.0
2bdrm Block of Flats in Ibadan for sale,600,2,3,Unfurnished,"Oyo State, Ibadan",Ibadan,Oyo State,Diamond,19000000.0
3bdrm Bungalow in Ibadan for sale,1000,3,4,Unfurnished,"Oyo State, Ibadan",Ibadan,Oyo State,Diamond,75000000.0
"5bdrm Duplex in Ajah, Lekki for sale",320,5,6,Semi-Furnished,"Lagos State, Lekki",Lekki,Lagos State,Enterprise,300000000.0
3bdrm Block of Flats in Igbogbo Selewu for sale,600,3,3,Unfurnished,"Ikorodu, Igbogbo",Igbogbo,Lagos State,Diamond,85000000.0
"4bdrm Duplex in Akala-Expressway, for sale",500,4,5,Unfurnished,"Oyo State, Ibadan",Ibadan,Oyo State,Enterprise,70000000.0
"5bdrm Duplex in Cowrie Creek, Ikate for sale",400,5,5,Unfurnished,"Lekki, Ikate",Ikate,Lagos State,Enterprise,900000000.0
1bdrm Apartment in Igbo-efon for sale,250,1,1,Unfurnished,"Lekki, Igbo-efon",Igbo-efon,Lagos State,Enterprise,65000000.0
5bdrm Duplex in Agungi for sale,250,5,5,Unfurnished,"Lekki, Agungi",Agungi,Lagos State,Enterprise,250000000.0
Furnished 5bdrm Duplex in Osapa london for sale,450,5,5,Furnished,"Lekki, Osapa london",Osapa london,Lagos State,Enterprise,430000000.0
4bdrm Duplex in Ologolo for sale,290,4,4,Unfurnished,"Lekki, Ologolo",Ologolo,Lagos State,Enterprise,250000000.0
"4bdrm Duplex in Alpha Beach Road, Chevron for sale",220,4,4,Unfurnished,"Lekki, Chevron",Chevron,Lagos State,Enterprise,190000000.0
"4bdrm Bungalow in Promiseland Elebu, Akala Express for sale",500,4,5,Semi-Furnished,"Ibadan, Akala Express",Akala Express,Oyo State,Enterprise,80000000.0
3bdrm Bungalow in Suleja. Madalla for sale,1500,3,3,Semi-Furnished,"Niger State, Suleja",Suleja,Niger State,Basic,26000000.0
"5bdrm Penthouse in Kolapo Ishola Gra, Akobo for sale",350,5,6,Semi-Furnished,"Ibadan, Akobo",Akobo,Oyo State,Enterprise,370000000.0
4bdrm Duplex in Lekki Expressway for sale,250,4,4,Semi-Furnished,"Lekki, Lekki Expressway",Lekki Expressway,Lagos State,Enterprise,250000000.0
Furnished 5bdrm Duplex in Katampe Extension for sale,500,5,5,Furnished,"Katampe, Katampe Extension",Katampe Extension,Abuja (FCT),Enterprise,550000000.0
"4bdrm Duplex in Oba Avenue, Lekki, Ikota for sale",278,4,4,Unfurnished,"Lekki, Ikota",Ikota,Lagos State,Diamond,180000000.0
Furnished 4bdrm Duplex in Hrc Behind Vgc for sale,289,4,4,Furnished,"Ajah, VGC / Ajah",VGC / Ajah,Lagos State,Diamond,280000000.0
"3bdrm Bungalow in Diamond Estate,  for sale",500,3,3,Semi-Furnished,"Egbe/Idimu, Isheri / Egbe Idimu",Isheri / Egbe Idimu,Lagos State,Diamond,82000000.0
"4bdrm Bungalow in Diamond Estate, Isheri / Egbe Idimu for sale",400,4,4,Semi-Furnished,"Egbe/Idimu, Isheri / Egbe Idimu",Isheri / Egbe Idimu,Lagos State,Diamond,120000000.0
4bdrm Block of Flats in Fatolu Ipaja for sale,650,4,3,Semi-Furnished,"Ipaja, Ipaja / Ipaja",Ipaja / Ipaja,Lagos State,Diamond,135000000.0
4bdrm Duplex in Ikeja for sale,400,4,4,Unfurnished,"Lagos State, Ikeja",Ikeja,Lagos State,Diamond,350000000.0
4bdrm Duplex in Ojodu Berger for sale,600,4,4,Unfurnished,"Ojodu, Berger",Berger,Lagos State,Diamond,350000000.0
"4bdrm Duplex in Omole Phase1, Ikeja for sale",330,4,4,Unfurnished,"Lagos State, Ikeja",Ikeja,Lagos State,Diamond,400000000.0
"Furnished 4bdrm Duplex in Kay  Farm Estate,, Ifako-Ogba for sale",400,4,5,Furnished,"Ogba, Ifako-Ogba",Ifako-Ogba,Lagos State,Diamond,260000000.0
"4bdrm Duplex in Ochid, Lekki for sale",480,4,4,Unfurnished,"Lagos State, Lekki",Lekki,Lagos State,Diamond,200000000.0
5bdrm Duplex in Lekki for sale,350,5,5,Semi-Furnished,"Lekki, Lekki Phase 1",Lekki Phase 1,Lagos State,Enterprise,430000000.0
2bdrm Apartment in Lekki Phase 1 for sale,250,2,2,Semi-Furnished,"Lekki, Lekki Phase 1",Lekki Phase 1,Lagos State,Enterprise,300000000.0
Furnished 12bdrm Apartment in Orita Challenge for sale,700,12,14,Furnished,"Oyo State, Ibadan",Ibadan,Oyo State,Diamond,210000000.0
Furnished 2bdrm Apartment in Nicon Town for sale,210,2,2,Furnished,"Lekki, Nicon Town",Nicon Town,Lagos State,Diamond,220000000.0
6bdrm Block of Flats in Silver Estate Idimu for sale,650,6,3,Semi-Furnished,"Egbe/Idimu, Idimu",Idimu,Lagos State,Diamond,180000000.0
"8bdrm Block of Flats in Peace Estate, Baruwa for sale",600,8,8,Unfurnished,"Ipaja, Baruwa",Baruwa,Lagos State,Diamond,165000000.0
4bdrm Duplex in Ikota for sale,600,4,4,Unfurnished,"Lekki, Ikota",Ikota,Lagos State,Enterprise,290000000.0
3bdrm Bungalow in Benin City for sale,450,3,3,Unfurnished,"Edo State, Benin City",Benin City,Edo State,Diamond,100000000.0
4bdrm Maisonette in Lekki Phase 1 for sale,250,4,4,Semi-Furnished,"Lekki, Lekki Phase 1",Lekki Phase 1,Lagos State,Diamond,500000000.0
5bdrm Duplex in Idado for sale,600,5,5,Semi-Furnished,"Lekki, Idado",Idado,Lagos State,Diamond,310000000.0
"Furnished 3bdrm Apartment in Oribanwa, Awoyaya for sale",650,3,3,Furnished,"Ibeju, Awoyaya",Awoyaya,Lagos State,Diamond,100000000.0
"3bdrm Apartment in Chois Garden Estate, Abijo for sale",200,3,3,Semi-Furnished,"Ibeju, Abijo",Abijo,Lagos State,Diamond,58000000.0
4bdrm Duplex in Oko Oba Agege Lagos for sale,450,4,5,Unfurnished,"Agege, Oko-Oba",Oko-Oba,Lagos State,Enterprise,260000000.0
4bdrm Duplex in Gbagada Lagos for sale,150,4,5,Semi-Furnished,"Gbagada, Ifako-Gbagada",Ifako-Gbagada,Lagos State,Enterprise,350000000.0
4bdrm Duplex in Ogudu Gra for sale,400,4,6,Unfurnished,"Ogudu, Ogudu GRA",Ogudu GRA,Lagos State,Enterprise,550000000.0
Furnished 3bdrm Duplex in Gbagada Lagos for sale,150,3,4,Furnished,"Gbagada, Ifako-Gbagada",Ifako-Gbagada,Lagos State,Enterprise,210000000.0
3bdrm Apartment in Ipaja for sale,350,3,3,Unfurnished,"Lagos State, Ipaja",Ipaja,Lagos State,Enterprise,65000000.0
2bdrm Block of Flats in Dakibiyu for sale,750,2,3,Semi-Furnished,"Abuja (FCT), Dakibiyu",Dakibiyu,Abuja (FCT),Diamond,55000000.0
4bdrm Duplex in Lugbe for sale,750,4,5,Semi-Furnished,"Lugbe District, Sabon Lugbe",Sabon Lugbe,Abuja (FCT),Diamond,120000000.0
"3bdrm Bungalow in Lugbe, FHA for sale",900,3,4,Unfurnished,"Lugbe District, FHA",FHA,Abuja (FCT),Diamond,120000000.0
"4bdrm Duplex in Estate, Rukpokwu for sale",450,4,4,Unfurnished,"Port-Harcourt, Rukpokwu",Rukpokwu,Port-Harcourt,Diamond,165000000.0
"4bdrm Duplex in Ada George Port, Obio-Akpor for sale",450,4,4,Unfurnished,"Rivers State, Obio-Akpor",Obio-Akpor,Rivers State,Diamond,280000000.0
"Furnished 3bdrm Apartment in Golf Estate, Okuru for sale",300,3,3,Furnished,"Port-Harcourt, Okuru",Okuru,Port-Harcourt,Diamond,115000000.0
"3bdrm Bungalow in Goldmind Estate, FHA for sale",750,3,3,Unfurnished,"Lugbe District, FHA",FHA,Abuja (FCT),Diamond,35000000.0
15bdrm Block of Flats in Ago for sale,742,15,15,Semi-Furnished,"Isolo, Ago Palace",Ago Palace,Lagos State,Diamond,200000000.0
4bdrm Duplex in Utako for sale,300,4,4,Unfurnished,"Abuja (FCT), Utako",Utako,Abuja (FCT),Enterprise,710000000.0
Furnished 4bdrm Duplex in Governor Road Ikotun for sale,800,4,5,Furnished,"Ikotun/Igando, Ikotun / Ikotun/Igando",Ikotun / Ikotun/Igando,Lagos State,Diamond,120000000.0
"Furnished 3bdrm Block of Flats in Estate, Life Camp for sale",550,3,3,Furnished,"Gwarinpa, Life Camp",Life Camp,Abuja (FCT),Enterprise,135000000.0
"9bdrm Mansion in Estate, Guzape District for sale",1100,9,8,Unfurnished,"Abuja (FCT), Guzape District",Guzape District,Abuja (FCT),Enterprise,1000000000.0
1bdrm Block of Flats in Katampe (Main) for sale,300,1,1,Semi-Furnished,"Katampe, Katampe (Main)",Katampe (Main),Abuja (FCT),Enterprise,120000000.0
7bdrm Block of Flats in Ayobo for sale,600,7,7,Semi-Furnished,"Ipaja, Ayobo",Ayobo,Lagos State,Diamond,68000000.0
"6bdrm Duplex in Peace Estate, Baruwa for sale",600,6,6,Unfurnished,"Ipaja, Baruwa",Baruwa,Lagos State,Diamond,170000000.0
"5bdrm Duplex in Harris Drive, VGC / Ajah for sale",100,5,5,Unfurnished,"Ajah, VGC / Ajah",VGC / Ajah,Lagos State,Enterprise,450000000.0
"4bdrm Duplex in Pinnock Beach, Lekki Phase 1 for sale",100,4,4,Unfurnished,"Lekki, Lekki Phase 1",Lekki Phase 1,Lagos State,Enterprise,850000000.0
3bdrm Apartment in Lekki Phase 1 for sale,100,3,3,Unfurnished,"Lekki, Lekki Phase 1",Lekki Phase 1,Lagos State,Enterprise,450000000.0
5bdrm Duplex in Ikota for sale,100,5,5,Unfurnished,"Lekki, Ikota",Ikota,Lagos State,Enterprise,450000000.0
4bdrm Duplex in Chevron for sale,100,4,4,Unfurnished,"Lekki, Chevron",Chevron,Lagos State,Enterprise,190000000.0
"4bdrm Duplex in In A Gated Estate, Ado / Ajah for sale",250,4,4,Unfurnished,"Ajah, Ado / Ajah",Ado / Ajah,Lagos State,Diamond,185000000.0
"5bdrm Duplex in Ajah Blenco In A, Sangotedo for sale",300,5,5,Unfurnished,"Ajah, Sangotedo",Sangotedo,Lagos State,Diamond,180000000.0
4bdrm Apartment in Lekki Phase 1 for sale,500,4,4,Unfurnished,"Lekki, Lekki Phase 1",Lekki Phase 1,Lagos State,Diamond,400000000.0
5bdrm Duplex in Lekki Expressway for sale,500,5,5,Semi-Furnished,"Lekki, Lekki Expressway",Lekki Expressway,Lagos State,Diamond,240000000.0
5bdrm Duplex in Ikota for sale,500,5,5,Semi-Furnished,"Lekki, Ikota",Ikota,Lagos State,Diamond,420000000.0
3bdrm Apartment in Lekki Phase 1 for sale,500,3,3,Unfurnished,"Lekki, Lekki Phase 1",Lekki Phase 1,Lagos State,Diamond,340000000.0
4bdrm Duplex in GRA Phase 2 Shangisha for sale,500,4,4,Semi-Furnished,"Magodo, GRA Phase 2 Shangisha",GRA Phase 2 Shangisha,Lagos State,Diamond,520000000.0
5bdrm Duplex in Chevron for sale,500,5,5,Semi-Furnished,"Lekki, Chevron",Chevron,Lagos State,Diamond,500000000.0
4bdrm Duplex in Fagba for sale,500,4,4,Semi-Furnished,"Agege, Fagba",Fagba,Lagos State,Diamond,240000000.0
3bdrm Apartment in Lekki Phase 1 for sale,500,3,3,Semi-Furnished,"Lekki, Lekki Phase 1",Lekki Phase 1,Lagos State,Diamond,350000000.0
5bdrm Duplex in Adeniyi Jones for sale,500,5,5,Semi-Furnished,"Ikeja, Adeniyi Jones",Adeniyi Jones,Lagos State,Diamond,600000000.0
2bdrm Maisonette in Ikate for sale,500,2,2,Unfurnished,"Lekki, Ikate",Ikate,Lagos State,Diamond,250000000.0
"Furnished 5bdrm Duplex in Dss Quarters Estate, Idishin for sale",450,5,5,Furnished,"Ibadan, Idishin",Idishin,Oyo State,Enterprise,170000000.0
"Furnished 5bdrm Duplex in Ire Akari, Akala Express for sale",400,5,5,Furnished,"Ibadan, Akala Express",Akala Express,Oyo State,Enterprise,140000000.0
"4bdrm Duplex in Airforce, Bashorun, Akobo for sale",400,4,4,Semi-Furnished,"Ibadan, Akobo",Akobo,Oyo State,Enterprise,250000000.0
"4bdrm Duplex in Estate, Oko-Oba for sale",300,4,4,Semi-Furnished,"Agege, Oko-Oba",Oko-Oba,Lagos State,Enterprise,380000000.0
"4bdrm Duplex in Secured Estate, Aguda / Ogba for sale",300,4,4,Semi-Furnished,"Ogba, Aguda / Ogba",Aguda / Ogba,Lagos State,Enterprise,450000000.0
"4bdrm Duplex in Secured Estate, Opebi for sale",350,4,4,Semi-Furnished,"Ikeja, Opebi",Opebi,Lagos State,Enterprise,550000000.0
4bdrm Duplex in Guzape District for sale,1000,4,5,Semi-Furnished,"Abuja (FCT), Guzape District",Guzape District,Abuja (FCT),Diamond,300000000.0
"5bdrm Duplex in Custom Gate, Oluyole Estate for sale",383,5,5,Semi-Furnished,"Ibadan, Oluyole Estate",Oluyole Estate,Oyo State,Diamond,165000000.0
"6bdrm Duplex in Efab Metropolis, Gwarinpa for sale",900,6,6,Unfurnished,"Abuja (FCT), Gwarinpa",Gwarinpa,Abuja (FCT),Diamond,550000000.0
Furnished 4bdrm Duplex in Private Estate Ajah for sale,800,4,4,Furnished,"Lagos State, Ajah",Ajah,Lagos State,Diamond,130000000.0
Furnished 4bdrm Duplex in Private Estate Ikota for sale,600,4,4,Furnished,"Lekki, Ikota",Ikota,Lagos State,Diamond,220000000.0
Furnished 2bdrm Block of Flats in Lekki Phases One for sale,700,2,2,Furnished,"Lekki, Lekki Phase 1",Lekki Phase 1,Lagos State,Diamond,230000000.0
3bdrm Apartment in Lekki Phase1 for sale,620,3,3,Semi-Furnished,"Lekki, Lekki Phase 1",Lekki Phase 1,Lagos State,Enterprise,250000000.0
2bdrm Apartment in Ologolo for sale,500,2,2,Semi-Furnished,"Lekki, Ologolo",Ologolo,Lagos State,Enterprise,90000000.0
"Furnished 4bdrm Duplex in Orchids Roads Lekki, Chevron for sale",600,4,4,Furnished,"Lekki, Chevron",Chevron,Lagos State,Diamond,250000000.0
3bdrm Block of Flats in Idu Industrial for sale,400,3,3,Semi-Furnished,"Abuja (FCT), Idu Industrial",Idu Industrial,Abuja (FCT),Diamond,80000000.0
5bdrm Duplex in Omole for sale,450,5,6,Semi-Furnished,"Ikeja, Omole Phase 1",Omole Phase 1,Lagos State,Enterprise,750000000.0
5bdrm Duplex in Mabushi for sale,250,5,5,Unfurnished,"Abuja (FCT), Mabushi",Mabushi,Abuja (FCT),Diamond,200000000.0
5bdrm Duplex in Mabushi for sale,500,5,6,Semi-Furnished,"Abuja (FCT), Mabushi",Mabushi,Abuja (FCT),Diamond,650000000.0
3bdrm Duplex in Kubwa for sale,200,3,4,Semi-Furnished,"Abuja (FCT), Kubwa",Kubwa,Abuja (FCT),Diamond,95000000.0
4bdrm Duplex in Jahi for sale,250,4,5,Unfurnished,"Abuja (FCT), Jahi",Jahi,Abuja (FCT),Diamond,300000000.0
4bdrm Duplex in Life Camp for sale,250,4,5,Unfurnished,"Gwarinpa, Life Camp",Life Camp,Abuja (FCT),Diamond,200000000.0
5bdrm Duplex in Katampe (Main) for sale,400,5,6,Unfurnished,"Katampe, Katampe (Main)",Katampe (Main),Abuja (FCT),Diamond,550000000.0
2bdrm Duplex in Ushafa for sale,200,2,2,Unfurnished,"Bwari, Ushafa",Ushafa,Abuja (FCT),Diamond,60000000.0
"5bdrm Duplex in A Well Secured, Ikota for sale",400,5,6,Unfurnished,"Lekki, Ikota",Ikota,Lagos State,Diamond,380000000.0
"2bdrm Apartment in A Well Secured, Lekki Phase 1 for sale",350,2,3,Unfurnished,"Lekki, Lekki Phase 1",Lekki Phase 1,Lagos State,Diamond,330000000.0
4bdrm Duplex in Mabushi for sale,300,4,5,Semi-Furnished,"Abuja (FCT), Mabushi",Mabushi,Abuja (FCT),Diamond,500000000.0
4bdrm Maisonette in Mabushi for sale,200,4,5,Semi-Furnished,"Abuja (FCT), Mabushi",Mabushi,Abuja (FCT),Diamond,250000000.0
4bdrm Duplex in Dawaki for sale,250,4,5,Unfurnished,"Gwarinpa, Dawaki",Dawaki,Abuja (FCT),Diamond,300000000.0
4bdrm Duplex in Jabi for sale,25,4,4,Semi-Furnished,"Abuja (FCT), Jabi",Jabi,Abuja (FCT),Diamond,350000000.0
"2bdrm Block of Flats in Tose, Moniya Ibadan for sale",300,2,3,Unfurnished,"Oyo State, Ibadan",Ibadan,Oyo State,Diamond,11000000.0
5bdrm Duplex in Lekki for sale,325,5,6,Semi-Furnished,"Lagos State, Lekki",Lekki,Lagos State,Enterprise,230000000.0
4bdrm Duplex in Cchevron Drive for sale,200,4,4,Semi-Furnished,"Lekki, Chevron",Chevron,Lagos State,Enterprise,340000000.0
4bdrm Duplex in Lokogoma for sale,700,4,4,Unfurnished,"Abuja (FCT), Lokogoma",Lokogoma,Abuja (FCT),Diamond,280000000.0
4bdrm Duplex in Ikota Lekki Eti-Osa for sale,600,4,4,Unfurnished,"Lekki, Ikota",Ikota,Lagos State,Diamond,220000000.0
4bdrm Duplex in Ologolo Lekki for sale,600,4,4,Unfurnished,"Lekki, Ologolo",Ologolo,Lagos State,Diamond,180000000.0
3bdrm Bungalow in Galadimawa for sale,600,3,4,Semi-Furnished,"Abuja (FCT), Galadimawa",Galadimawa,Abuja (FCT),Enterprise,320000000.0
Furnished 4bdrm Duplex in Katampe Extension for sale,900,4,5,Furnished,"Katampe, Katampe Extension",Katampe Extension,Abuja (FCT),Enterprise,470000000.0
4bdrm Duplex in Ikota for sale,250,4,4,Unfurnished,"Lekki, Ikota",Ikota,Lagos State,Enterprise,90000000.0
4bdrm Duplex in Ogombo for sale,1000,4,4,Unfurnished,"Ajah, Ogombo",Ogombo,Lagos State,Enterprise,135000000.0
"4bdrm Duplex in Orchid, Chevron for sale",230,4,4,Unfurnished,"Lekki, Chevron",Chevron,Lagos State,Enterprise,210000000.0
4bdrm Duplex in Sangotedo for sale,250,4,4,Unfurnished,"Ajah, Sangotedo",Sangotedo,Lagos State,Enterprise,280000000.0
"4bdrm Duplex in Orchid, Chevron for sale",300,4,4,Unfurnished,"Lekki, Chevron",Chevron,Lagos State,Enterprise,200000000.0
3bdrm Duplex in Ikota for sale,300,3,3,Unfurnished,"Lekki, Ikota",Ikota,Lagos State,Enterprise,90000000.0
"3bdrm Duplex in Chief Lateef Oyelade, Oluyole Estate for sale",350,3,4,Semi-Furnished,"Ibadan, Oluyole Estate",Oluyole Estate,Oyo State,Enterprise,175000000.0
"Furnished 4bdrm Bungalow in Ekerin., Ologuneru for sale",500,4,5,Furnished,"Ibadan, Ologuneru",Ologuneru,Oyo State,Enterprise,60000000.0
5bdrm Duplex in Lekki Phase 1 for sale,402,5,5,Unfurnished,"Lekki, Lekki Phase 1",Lekki Phase 1,Lagos State,Diamond,900000000.0
"4bdrm Bungalow in Model City Estate, Ojoo for sale",500,4,5,Unfurnished,"Ibadan, Ojoo",Ojoo,Oyo State,Enterprise,15000000.0
"5bdrm Duplex in Lekki Toll Gate, Chevron for sale",350,5,5,Unfurnished,"Lekki, Chevron",Chevron,Lagos State,Enterprise,420000000.0
"Furnished 15bdrm Block of Flats in Ayobo, Ipaja for sale",648,15,15,Furnished,"Lagos State, Ipaja",Ipaja,Lagos State,Diamond,130000000.0
4bdrm Duplex in Sangotedo for sale,400,4,4,Unfurnished,"Ajah, Sangotedo",Sangotedo,Lagos State,Diamond,150000000.0
5bdrm Duplex in Chevron Toll Gate for sale,278,5,5,Unfurnished,"Lekki, Chevron",Chevron,Lagos State,Diamond,456000000.0
5bdrm Duplex in Osapa London for sale,298,5,5,Unfurnished,"Lekki, Osapa london",Osapa london,Lagos State,Diamond,980000000.0
5bdrm House in Ado / Ajah for sale,500,5,5,Unfurnished,"Ajah, Ado / Ajah",Ado / Ajah,Lagos State,Enterprise,270000000.0
6bdrm Bungalow in Omi Adio for sale,300,6,1,Unfurnished,"Ibadan, Omi Adio",Omi Adio,Oyo State,Enterprise,8000000.0
2bdrm Bungalow in Apata for sale,209,2,2,Unfurnished,"Ibadan, Apata",Apata,Oyo State,Enterprise,35000000.0
"5bdrm Duplex in Anthony Maryland, Ikeja for sale",500,5,5,Unfurnished,"Lagos State, Ikeja",Ikeja,Lagos State,Diamond,550000000.0
"3bdrm Block of Flats in Abaranje, Ikotun / Ikotun/Igando for sale",635,3,3,Unfurnished,"Ikotun/Igando, Ikotun / Ikotun/Igando",Ikotun / Ikotun/Igando,Lagos State,Diamond,75000000.0
6bdrm Bungalow in New London Estate for sale,620,6,6,Unfurnished,"Ipaja, Baruwa",Baruwa,Lagos State,Diamond,65000000.0
5bdrm Duplex in Chevron for sale,350,5,6,Semi-Furnished,"Lekki, Chevron",Chevron,Lagos State,Enterprise,500000000.0
5bdrm Duplex in Ire Akari Estate for sale,550,5,5,Semi-Furnished,"Oyo State, Ibadan",Ibadan,Oyo State,Diamond,150000000.0
"Furnished 4bdrm Duplex in Akote Estate, Akala Express for sale",500,4,4,Furnished,"Ibadan, Akala Express",Akala Express,Oyo State,Diamond,115000000.0
"Furnished 3bdrm House in Idi Ope Estate Off, Oyo for sale",600,3,3,Furnished,"Oyo State, Oyo",Oyo,Oyo State,Diamond,90000000.0
Furnished 4bdrm Duplex in Main Jericho for sale,450,4,4,Furnished,"Ibadan, Jericho",Jericho,Oyo State,Diamond,250000000.0
5bdrm Duplex in Chevron for sale,700,5,5,Unfurnished,"Lekki, Chevron",Chevron,Lagos State,Diamond,900000000.0
5bdrm Duplex in Ajah for sale,350,5,5,Unfurnished,"Lagos State, Ajah",Ajah,Lagos State,Diamond,430000000.0
3bdrm Apartment in Lekki Phase 1 for sale,300,3,3,Unfurnished,"Lekki, Lekki Phase 1",Lekki Phase 1,Lagos State,Diamond,350000000.0
3bdrm Block of Flats in Ayobo for sale,600,3,3,Unfurnished,"Ipaja, Ayobo",Ayobo,Lagos State,Diamond,50000000.0
4bdrm Duplex in Festac for sale,600,4,4,Unfurnished,"Amuwo-Odofin, Festac",Festac,Lagos State,Enterprise,250000000.0
4bdrm Duplex in Omole Phase 2 Lagos for sale,350,4,4,Semi-Furnished,"Ikeja, Omole Phase 2",Omole Phase 2,Lagos State,Diamond,550000000.0
12bdrm Block of Flats in Benin City for sale,900,12,8,Unfurnished,"Edo State, Benin City",Benin City,Edo State,Diamond,42000000.0
4bdrm Block of Flats in Raymond Opara for sale,350,4,5,Semi-Furnished,"Isolo, Okota",Okota,Lagos State,Diamond,250000000.0
2bdrm Apartment in Lekki Phase 1 for sale,200,2,2,Unfurnished,"Lekki, Lekki Phase 1",Lekki Phase 1,Lagos State,Diamond,300000000.0
3bdrm Block of Flats in Abijo for sale,200,3,3,Semi-Furnished,"Ibeju, Abijo",Abijo,Lagos State,Diamond,50000000.0
"4bdrm Duplex in Ugbor, Benin City for sale",600,4,5,Unfurnished,"Edo State, Benin City",Benin City,Edo State,Diamond,200000000.0
4bdrm Duplex in Ologolo Lekki Lagos for sale,280,4,5,Unfurnished,"Lekki, Ologolo",Ologolo,Lagos State,Enterprise,210000000.0
3bdrm Duplex in Ajah Lekki Lagos for sale,450,3,3,Unfurnished,"Lagos State, Ajah",Ajah,Lagos State,Enterprise,90000000.0
4bdrm Apartment in Highbrow Ikoyi Axis for sale,450,4,4,Unfurnished,"Lagos State, Ikoyi",Ikoyi,Lagos State,Enterprise,780000000.0
3bdrm Apartment in Surulere Lagos for sale,450,3,3,Unfurnished,"Lagos State, Surulere",Surulere,Lagos State,Enterprise,120000000.0
4bdrm Duplex in Magodo Phase 2 Lagos for sale,450,4,5,Semi-Furnished,"Lagos State, Magodo",Magodo,Lagos State,Enterprise,350000000.0
3bdrm Apartment in Lekki Phase 1 for sale,150,3,4,Semi-Furnished,"Lekki, Lekki Phase 1",Lekki Phase 1,Lagos State,Enterprise,450000000.0
4bdrm Duplex in Magodo Phase 1 Lagos for sale,450,4,5,Unfurnished,"Lagos State, Magodo",Magodo,Lagos State,Enterprise,480000000.0
"3bdrm Bungalow in Kubwa, Abuja for sale",750,3,4,Semi-Furnished,"Abuja (FCT), Kubwa",Kubwa,Abuja (FCT),Enterprise,85000000.0
5bdrm Duplex in Apo Resettlement for sale,750,5,5,Semi-Furnished,"Apo District, Apo Resettlement",Apo Resettlement,Abuja (FCT),Diamond,155000000.0
4bdrm Duplex in Lugbe District. for sale,750,4,5,Semi-Furnished,"Lugbe District, Sabon Lugbe",Sabon Lugbe,Abuja (FCT),Diamond,300000000.0
4bdrm Duplex in Jahi for sale,1000,4,5,Semi-Furnished,"Abuja (FCT), Jahi",Jahi,Abuja (FCT),Enterprise,300000000.0
"4bdrm Duplex in Shell Cooperative, Eneka for sale",450,4,4,Unfurnished,"Port-Harcourt, Eneka",Eneka,Port-Harcourt,Diamond,280000000.0
5bdrm Duplex in Galadimawa for sale,300,5,5,Unfurnished,"Abuja (FCT), Galadimawa",Galadimawa,Abuja (FCT),Enterprise,280000000.0
"Furnished 4bdrm Duplex in Estate., Katampe for sale",2000,4,4,Furnished,"Abuja (FCT), Katampe",Katampe,Abuja (FCT),Enterprise,650000000.0
2bdrm Apartment in Lekki Expressway for sale,250,2,2,Semi-Furnished,"Lekki, Lekki Expressway",Lekki Expressway,Lagos State,Diamond,140000000.0
"6bdrm Duplex in Ibara, Abeokuta South for sale",739,6,6,Unfurnished,"Ogun State, Abeokuta South",Abeokuta South,Ogun State,Diamond,84600000.0
6bdrm Bungalow in Ipaja / Ipaja for sale,600,6,6,Unfurnished,"Ipaja, Ipaja / Ipaja",Ipaja / Ipaja,Lagos State,Diamond,50000000.0
4bdrm Duplex in Ikota for sale,100,4,4,Unfurnished,"Lekki, Ikota",Ikota,Lagos State,Enterprise,135000000.0
2bdrm Apartment in Ikate for sale,300,2,2,Unfurnished,"Lekki, Ikate",Ikate,Lagos State,Diamond,160000000.0
4bdrm Duplex in Ado / Ajah for sale,250,4,4,Unfurnished,"Ajah, Ado / Ajah",Ado / Ajah,Lagos State,Diamond,135000000.0
5bdrm Duplex in Ajah for sale,500,5,5,Unfurnished,"Lagos State, Ajah",Ajah,Lagos State,Diamond,270000000.0
5bdrm Duplex in Ado / Ajah for sale,500,5,5,Semi-Furnished,"Ajah, Ado / Ajah",Ado / Ajah,Lagos State,Diamond,230000000.0
4bdrm Apartment in Thomas Estate for sale,500,4,4,Semi-Furnished,"Ajah, Thomas Estate",Thomas Estate,Lagos State,Diamond,195000000.0
4bdrm Duplex in GRA Phase 1 for sale,500,4,4,Semi-Furnished,"Magodo, GRA Phase 1",GRA Phase 1,Lagos State,Diamond,350000000.0
3bdrm Apartment in Allen Avenue for sale,500,3,3,Semi-Furnished,"Ikeja, Allen Avenue",Allen Avenue,Lagos State,Diamond,275000000.0
4bdrm Duplex in New Garage / Gbagada for sale,500,4,4,Semi-Furnished,"Gbagada, New Garage / Gbagada",New Garage / Gbagada,Lagos State,Diamond,350000000.0
4bdrm Duplex in Ikota for sale,500,4,4,Unfurnished,"Lekki, Ikota",Ikota,Lagos State,Diamond,180000000.0
5bdrm Duplex in Ogba GRA for sale,500,5,5,Semi-Furnished,"Ogba, Ogba GRA",Ogba GRA,Lagos State,Diamond,520000000.0
"Furnished 5bdrm Duplex in Cheive View Estate, Chevron for sale",500,5,5,Furnished,"Lekki, Chevron",Chevron,Lagos State,Diamond,530000000.0
"3bdrm Block of Flats in *Not In An Estate, Zone 2 / Wuse for sale",1100,3,3,Unfurnished,"Wuse, Zone 2 / Wuse",Zone 2 / Wuse,Abuja (FCT),Diamond,855000000.0
Furnished 5bdrm Duplex in Agodi Gra for sale,500,5,5,Furnished,"Ibadan, Agodi",Agodi,Oyo State,Enterprise,550000000.0
"3bdrm Bungalow in Ateere, Kasunmu Road, Akala Express for sale",500,3,3,Semi-Furnished,"Ibadan, Akala Express",Akala Express,Oyo State,Enterprise,90000000.0
"3bdrm Bungalow in Temidire Estate, Ologuneru for sale",500,3,4,Unfurnished,"Ibadan, Ologuneru",Ologuneru,Oyo State,Enterprise,110000000.0
"3bdrm Bungalow in Amugba Olorunda Area, Akobo for sale",1180,3,4,Semi-Furnished,"Ibadan, Akobo",Akobo,Oyo State,Enterprise,40000000.0
"4bdrm Duplex in Main Ikolaba Gra, Bodija for sale",500,4,5,Semi-Furnished,"Ibadan, Bodija",Bodija,Oyo State,Enterprise,250000000.0
"Furnished 3bdrm Block of Flats in Secured Estate, Adeniyi Jones",600,3,3,Furnished,"Ikeja, Adeniyi Jones",Adeniyi Jones,Lagos State,Enterprise,280000000.0
"5bdrm Duplex in Secured Estate, Adeniyi Jones for sale",350,5,5,Semi-Furnished,"Ikeja, Adeniyi Jones",Adeniyi Jones,Lagos State,Enterprise,440000000.0
"4bdrm Duplex in Palm Garden Estate, for sale",600,4,4,Unfurnished,"Ibadan, Oluyole Estate",Oluyole Estate,Oyo State,Diamond,200000000.0
"6bdrm Bungalow in Arigidi Estate, Bodija for sale",1030,6,7,Semi-Furnished,"Ibadan, Bodija",Bodija,Oyo State,Diamond,400000000.0
"4bdrm Bungalow in First Powerline, Ologuneru for sale",600,4,5,Unfurnished,"Ibadan, Ologuneru",Ologuneru,Oyo State,Diamond,80000000.0
"5bdrm Duplex in Ikeja Lagos, Adeniyi Jones for sale",600,5,5,Semi-Furnished,"Ikeja, Adeniyi Jones",Adeniyi Jones,Lagos State,Enterprise,450000000.0
"3bdrm Block of Flats in Amagba Community Gra, Benin City for sale",913,3,3,Semi-Furnished,"Edo State, Benin City",Benin City,Edo State,Enterprise,80000000.0
4bdrm Maisonette in Gra Ikeja for sale,600,4,4,Semi-Furnished,"Ikeja, Ikeja GRA",Ikeja GRA,Lagos State,Enterprise,800000000.0
5bdrm Duplex in Magodo Shangisha for sale,500,5,5,Unfurnished,"Magodo, GRA Phase 2 Shangisha",GRA Phase 2 Shangisha,Lagos State,Enterprise,700000000.0
Furnished 4bdrm Duplex in Private Estate By for sale,600,4,4,Furnished,"Lekki, Nicon Town",Nicon Town,Lagos State,Diamond,300000000.0
Furnished 4bdrm Duplex in Private Estate Lekki for sale,500,4,4,Furnished,"Lekki, Ikate",Ikate,Lagos State,Diamond,550000000.0
Furnished 4bdrm Duplex in Private Estate for sale,650,4,4,Furnished,"Lugbe District, Sabon Lugbe",Sabon Lugbe,Abuja (FCT),Diamond,165000000.0
Furnished 3bdrm Block of Flats in Ikoyi Banana Lsland for sale,1000,3,3,Furnished,"Ikoyi, Banana Island",Banana Island,Lagos State,Diamond,800000000.0
Furnished 4bdrm Duplex in Private Estate Lekki for sale,500,4,4,Furnished,"Lekki, Ikota",Ikota,Lagos State,Diamond,250000000.0
5bdrm Duplex in Ikota for sale,600,5,5,Semi-Furnished,"Lekki, Ikota",Ikota,Lagos State,Enterprise,300000000.0
Furnished 4bdrm Mansion in Residents Areas for sale,600,4,4,Furnished,"Lugbe District, Sabon Lugbe",Sabon Lugbe,Abuja (FCT),Diamond,320000000.0
"4bdrm Bungalow in Gbadewole, Akobo for sale",463,4,4,Unfurnished,"Ibadan, Akobo",Akobo,Oyo State,Diamond,25000000.0
Furnished 3bdrm Apartment in Surulere for sale,150,3,4,Furnished,"Surulere, Aguda / Surulere",Aguda / Surulere,Lagos State,Enterprise,120000000.0
3bdrm Apartment in Lekki for sale,300,3,3,Unfurnished,"Lekki, Lekki Phase 1",Lekki Phase 1,Lagos State,Diamond,370000000.0
5bdrm Duplex in Guzape District for sale,650,5,5,Unfurnished,"Abuja (FCT), Guzape District",Guzape District,Abuja (FCT),Enterprise,750000000.0
"5bdrm Duplex in A Well Secured, Chevron for sale",400,5,6,Unfurnished,"Lekki, Chevron",Chevron,Lagos State,Diamond,450000000.0
4bdrm Duplex in Mabushi for sale,100,4,5,Unfurnished,"Abuja (FCT), Mabushi",Mabushi,Abuja (FCT),Diamond,250000000.0
3bdrm Bungalow in Gwarinpa Gear for sale,700,3,4,Semi-Furnished,"Abuja (FCT), Gwarinpa",Gwarinpa,Abuja (FCT),Diamond,190000000.0
"4bdrm Duplex in A Well Secured, Ado / Ajah for sale",400,4,5,Unfurnished,"Ajah, Ado / Ajah",Ado / Ajah,Lagos State,Diamond,200000000.0
"3bdrm Block of Flats in Agric Estate, Igando / Ikotun/Igando for sale",500,3,3,Semi-Furnished,"Ikotun/Igando, Igando / Ikotun/Igando",Igando / Ikotun/Igando,Lagos State,Diamond,90000000.0
4bdrm Duplex in Jahi for sale,250,4,5,Unfurnished,"Abuja (FCT), Jahi",Jahi,Abuja (FCT),Diamond,250000000.0
4bdrm Duplex in Gaduwa for sale,400,4,6,Semi-Furnished,"Abuja (FCT), Gaduwa",Gaduwa,Abuja (FCT),Diamond,250000000.0
4bdrm Duplex in Wuye for sale,150,4,5,Semi-Furnished,"Abuja (FCT), Wuye",Wuye,Abuja (FCT),Diamond,500000000.0
4bdrm Duplex in Guzape for sale,270,4,4,Unfurnished,"Abuja (FCT), Guzape District",Guzape District,Abuja (FCT),Diamond,350000000.0
5bdrm Duplex in Zone 7 / Wuse for sale,300,5,6,Semi-Furnished,"Wuse, Zone 7 / Wuse",Zone 7 / Wuse,Abuja (FCT),Diamond,750000000.0
3bdrm Bungalow in Awoyaya for sale,300,3,3,Unfurnished,"Ibeju, Awoyaya",Awoyaya,Lagos State,Enterprise,67000000.0
3bdrm Apartment in Ikoyi for sale,150,3,3,Semi-Furnished,"Ikoyi, Old Ikoyi",Old Ikoyi,Lagos State,Enterprise,700000000.0
"Furnished 6bdrm Duplex in Adetokunbo, Ikate for sale",350,6,7,Furnished,"Lekki, Ikate",Ikate,Lagos State,Enterprise,500000000.0
"4bdrm Duplex in Sangotedo, Lekki for sale",300,4,4,Semi-Furnished,"Lagos State, Lekki",Lekki,Lagos State,Enterprise,300000000.0
Furnished 3bdrm Block of Flats in Benin City for sale,910,3,3,Furnished,"Edo State, Benin City",Benin City,Edo State,Diamond,115000000.0
1bdrm Apartment in Orchid Road Lekki for sale,600,1,1,Unfurnished,"Lekki, Lekki Phase 2",Lekki Phase 2,Lagos State,Diamond,60000000.0
Furnished 4bdrm Duplex in Guzape for sale,600,4,5,Furnished,"Abuja (FCT), Guzape District",Guzape District,Abuja (FCT),Enterprise,670000000.0
Furnished 5bdrm Duplex in Jahi for sale,800,5,6,Furnished,"Abuja (FCT), Jahi",Jahi,Abuja (FCT),Enterprise,580000000.0
4bdrm Duplex in Ikota for sale,250,4,4,Unfurnished,"Lekki, Ikota",Ikota,Lagos State,Enterprise,170000000.0
"4bdrm Duplex in Orchid, Chevron for sale",300,4,4,Unfurnished,"Lekki, Chevron",Chevron,Lagos State,Enterprise,120000000.0
3bdrm Apartment in Ikate for sale,390,3,3,Unfurnished,"Lekki, Ikate",Ikate,Lagos State,Enterprise,280000000.0
4bdrm Duplex in Osapa london for sale,350,4,4,Unfurnished,"Lekki, Osapa london",Osapa london,Lagos State,Enterprise,250000000.0
4bdrm Duplex in Sangotedo for sale,250,4,4,Unfurnished,"Ajah, Sangotedo",Sangotedo,Lagos State,Enterprise,175000000.0
"2bdrm Apartment in Orchid, Chevron for sale",250,2,2,Unfurnished,"Lekki, Chevron",Chevron,Lagos State,Enterprise,120000000.0
"4bdrm Duplex in Ajah, Off Lekki-Epe Expressway for sale",300,4,4,Unfurnished,"Ajah, Off Lekki-Epe Expressway",Off Lekki-Epe Expressway,Lagos State,Enterprise,105000000.0
"3bdrm Duplex in Ajah, Off Lekki-Epe Expressway for sale",300,3,3,Unfurnished,"Ajah, Off Lekki-Epe Expressway",Off Lekki-Epe Expressway,Lagos State,Enterprise,100000000.0
5bdrm Duplex in Ikota for sale,400,5,5,Semi-Furnished,"Lekki, Ikota",Ikota,Lagos State,Enterprise,460000000.0
5bdrm Duplex in VGC / Ajah for sale,350,5,5,Unfurnished,"Ajah, VGC / Ajah",VGC / Ajah,Lagos State,Enterprise,320000000.0
Furnished 5bdrm Duplex in Ologolo for sale,780,5,5,Furnished,"Lekki, Ologolo",Ologolo,Lagos State,Diamond,300000000.0
3bdrm Apartment in Wuse Zone 3 District for sale,2000,3,4,Semi-Furnished,"Wuse, Zone 3 / Wuse",Zone 3 / Wuse,Abuja (FCT),Diamond,150000000.0
Furnished 6bdrm Duplex in Asokoro for sale,1000,6,6,Furnished,"Abuja (FCT), Asokoro",Asokoro,Abuja (FCT),Diamond,1000000000.0
"4bdrm Duplex in Dss Quarters, Jericho for sale",450,4,5,Semi-Furnished,"Ibadan, Jericho",Jericho,Oyo State,Enterprise,200000000.0
Furnished 3bdrm Apartment in Ikoyi for sale,41,3,3,Furnished,"Lagos State, Ikoyi",Ikoyi,Lagos State,Diamond,410000000.0
"4bdrm Duplex in Admiral Estate Close, Akala Express for sale",639,4,5,Unfurnished,"Ibadan, Akala Express",Akala Express,Oyo State,Enterprise,270000000.0
2bdrm Apartment in Ikate for sale,150,2,2,Semi-Furnished,"Lekki, Ikate",Ikate,Lagos State,Enterprise,180000000.0
3bdrm Penthouse in Ikate for sale,200,3,3,Semi-Furnished,"Lekki, Ikate",Ikate,Lagos State,Enterprise,250000000.0
4bdrm Duplex in Ajah for sale,600,4,4,Semi-Furnished,"Lagos State, Ajah",Ajah,Lagos State,Enterprise,650000000.0
6bdrm Block of Flats in Gemade  Estate  for sale,650,6,3,Semi-Furnished,"Alimosho, Egbeda",Egbeda,Lagos State,Diamond,330000000.0
7bdrm Duplex in New Oko Oba for sale,400,7,7,Unfurnished,"Agege, New Oko Oba",New Oko Oba,Lagos State,Diamond,330000000.0
4bdrm Duplex in Ikota Gra for sale,630,4,4,Unfurnished,"Lekki, Ikota",Ikota,Lagos State,Diamond,150000000.0
"5bdrm Duplex in Mabgloba Estate, Karsana for sale",1000,5,6,Semi-Furnished,"Gwagwa, Karsana",Karsana,Abuja (FCT),Diamond,520000000.0
3bdrm Apartment in Phase 1 / Gbagada for sale,350,3,3,Semi-Furnished,"Gbagada, Phase 1 / Gbagada",Phase 1 / Gbagada,Lagos State,Enterprise,160000000.0
4bdrm Duplex in Jahi for sale,250,4,4,Unfurnished,"Abuja (FCT), Jahi",Jahi,Abuja (FCT),Enterprise,450000000.0
"Furnished 7bdrm House in Jiboye Apata Area, Oyo for sale",550,7,7,Furnished,"Oyo State, Oyo",Oyo,Oyo State,Diamond,35000000.0
4bdrm Bungalow in Ado Otta for sale,900,4,4,Unfurnished,"Ogun State, Ado-Odo/Ota",Ado-Odo/Ota,Ogun State,Diamond,17000000.0
"5bdrm Duplex in Ikota, Ajah for sale",500,5,5,Unfurnished,"Lagos State, Ajah",Ajah,Lagos State,Diamond,390000000.0
4bdrm Duplex in Okota for sale,800,4,4,Unfurnished,"Isolo, Okota",Okota,Lagos State,Enterprise,280000000.0
"4bdrm Duplex in Orchid, Lekki for sale",250,4,4,Semi-Furnished,"Lagos State, Lekki",Lekki,Lagos State,Diamond,230000000.0
4bdrm Duplex in Surulere Lagos for sale,350,4,4,Unfurnished,"Lagos State, Surulere",Surulere,Lagos State,Diamond,250000000.0
3bdrm Bungalow in Benin City for sale,450,3,2,Unfurnished,"Edo State, Benin City",Benin City,Edo State,Diamond,10000000.0
"Furnished 4bdrm Duplex in Chevron, Lekki for sale",250,4,5,Furnished,"Lagos State, Lekki",Lekki,Lagos State,Enterprise,350000000.0
"4bdrm Duplex in 64 Crescent Gwarimpa, Life Camp for sale",750,4,4,Semi-Furnished,"Gwarinpa, Life Camp",Life Camp,Abuja (FCT),Enterprise,405000000.0
3bdrm Apartment in Ikate Lekki for sale,108,3,3,Unfurnished,"Lekki, Ikate",Ikate,Lagos State,Diamond,200000000.0
4bdrm Duplex in Ikota Gra for sale,200,4,4,Semi-Furnished,"Lekki, Ikota",Ikota,Lagos State,Diamond,140000000.0
Furnished 7bdrm Duplex in Zone B for sale,500,7,7,Furnished,"Apo District, Zone B",Zone B,Abuja (FCT),Diamond,850000000.0
4bdrm Duplex in Opebi Lagos for sale,400,4,6,Unfurnished,"Ikeja, Opebi",Opebi,Lagos State,Enterprise,450000000.0
4bdrm Duplex in Magodo Gra Phase 1 for sale,150,4,5,Semi-Furnished,"Magodo, GRA Phase 1",GRA Phase 1,Lagos State,Enterprise,310000000.0
5bdrm Duplex in Ikota for sale,500,5,5,Unfurnished,"Lekki, Ikota",Ikota,Lagos State,Enterprise,660000000.0
5bdrm Duplex in Kado Abuja for sale,500,5,7,Unfurnished,"Abuja (FCT), Kado",Kado,Abuja (FCT),Enterprise,700000000.0
4bdrm Duplex in Ikeja Gra Lagos for sale,450,4,5,Unfurnished,"Ikeja, Ikeja GRA",Ikeja GRA,Lagos State,Enterprise,570000000.0
3bdrm Apartment in Yaba for sale,450,3,3,Unfurnished,"Lagos State, Yaba",Yaba,Lagos State,Enterprise,150000000.0
"6bdrm Apartment in Estate, Rukpokwu for sale",450,6,6,Unfurnished,"Port-Harcourt, Rukpokwu",Rukpokwu,Port-Harcourt,Diamond,350000000.0
"4bdrm Duplex in Lifecamp, Abuja for sale",500,4,5,Semi-Furnished,"Gwarinpa, Life Camp",Life Camp,Abuja (FCT),Enterprise,210000000.0
"3bdrm Duplex in Gwarinpa, Life Camp for sale",750,3,4,Unfurnished,"Gwarinpa, Life Camp",Life Camp,Abuja (FCT),Diamond,250000000.0
4bdrm Duplex in In An Estate for sale,1000,4,5,Semi-Furnished,"Abuja (FCT), Lokogoma",Lokogoma,Abuja (FCT),Enterprise,250000000.0
"3bdrm Block of Flats in Fo1 Kubwa, Abuja for sale",400,3,4,Semi-Furnished,"Abuja (FCT), Kubwa",Kubwa,Abuja (FCT),Enterprise,85000000.0
"3bdrm Duplex in Emerald Duplexes, Ogombo for sale",300,3,5,Semi-Furnished,"Ajah, Ogombo",Ogombo,Lagos State,Diamond,180000000.0
4bdrm Duplex in Guzape District for sale,200,4,5,Unfurnished,"Abuja (FCT), Guzape District",Guzape District,Abuja (FCT),Enterprise,560000000.0
Furnished 5bdrm Duplex in Magodo Phase 2 Gra for sale,350,5,5,Furnished,"Magodo, GRA Phase 2 Shangisha",GRA Phase 2 Shangisha,Lagos State,Diamond,500000000.0
4bdrm House in Katampe Extension for sale,300,4,5,Unfurnished,"Katampe, Katampe Extension",Katampe Extension,Abuja (FCT),Enterprise,650000000.0
Furnished 5bdrm Duplex in GRA Phase 1 for sale,600,5,6,Furnished,"Magodo, GRA Phase 1",GRA Phase 1,Lagos State,Diamond,645000000.0
"5bdrm Duplex in Fully Detached, Katampe Extension for sale",1500,5,5,Semi-Furnished,"Katampe, Katampe Extension",Katampe Extension,Abuja (FCT),Enterprise,950000000.0
"3bdrm Duplex in Estate, Life Camp for sale",850,3,3,Semi-Furnished,"Gwarinpa, Life Camp",Life Camp,Abuja (FCT),Enterprise,200000000.0
3bdrm Duplex in Apo Resettlement for sale,350,3,4,Unfurnished,"Apo District, Apo Resettlement",Apo Resettlement,Abuja (FCT),Diamond,340000000.0
Furnished 3bdrm Duplex in Aguda-Surulere for sale,500,3,3,Furnished,"Surulere, Aguda / Surulere",Aguda / Surulere,Lagos State,Enterprise,200000000.0
"4bdrm Duplex in Ajah Lekky Near, Thomas Estate for sale",300,4,5,Semi-Furnished,"Ajah, Thomas Estate",Thomas Estate,Lagos State,Diamond,165000000.0
"5bdrm House in Maberi Idi Ishin, Akala Express for sale",500,5,5,Unfurnished,"Ibadan, Akala Express",Akala Express,Oyo State,Diamond,65000000.0
Furnished 5bdrm Duplex in Anthony for sale,500,5,4,Furnished,"Maryland, Anthony Village",Anthony Village,Lagos State,Enterprise,540000000.0
2bdrm Block of Flats in Mende-Maryland for sale,500,2,2,Semi-Furnished,"Maryland, Mende",Mende,Lagos State,Enterprise,300000000.0
Furnished 2bdrm Apartment in Gwarinpa for sale,700,2,2,Furnished,"Abuja (FCT), Gwarinpa",Gwarinpa,Abuja (FCT),Diamond,250000000.0
Furnished 5bdrm Duplex in Omole Phase1 for sale,800,5,5,Furnished,"Ikeja, Omole Phase 1",Omole Phase 1,Lagos State,Enterprise,850000000.0
6bdrm Duplex in Omole Gra Ph 1 Ikeja for sale,350,6,6,Semi-Furnished,"Ikeja, Omole Phase 1",Omole Phase 1,Lagos State,Diamond,950000000.0
"2bdrm Apartment in Reve Court, Ifako-Gbagada for sale",500,2,2,Semi-Furnished,"Gbagada, Ifako-Gbagada",Ifako-Gbagada,Lagos State,Diamond,85000000.0
"3bdrm Bungalow in Peace Estate, Ipaja for sale",400,3,3,Unfurnished,"Lagos State, Ipaja",Ipaja,Lagos State,Diamond,68000000.0
3bdrm Bungalow in Akure for sale,600,3,4,Semi-Furnished,"Ondo State, Akure",Akure,Ondo State,Diamond,60000000.0
5bdrm Duplex in Chevron for sale,100,5,5,Unfurnished,"Lekki, Chevron",Chevron,Lagos State,Enterprise,290000000.0
"5bdrm Duplex in Orchid, Lekki for sale",100,5,5,Unfurnished,"Lagos State, Lekki",Lekki,Lagos State,Enterprise,305000000.0
Furnished 2bdrm Apartment in Chevron Lekki for sale,100,2,2,Furnished,"Lekki, Chevron",Chevron,Lagos State,Enterprise,95000000.0
4bdrm Duplex in Ikota for sale,100,4,4,Unfurnished,"Lekki, Ikota",Ikota,Lagos State,Enterprise,140000000.0
3bdrm Apartment in Lekki Phase One for sale,100,3,3,Unfurnished,"Lagos State, Lekki",Lekki,Lagos State,Enterprise,250000000.0
4bdrm Duplex in Ikota Gra By Mega for sale,250,4,4,Unfurnished,"Lekki, Ikota",Ikota,Lagos State,Diamond,185000000.0
5bdrm Duplex in Ajah In A Gated for sale,400,5,5,Unfurnished,"Ajah, Ado / Ajah",Ado / Ajah,Lagos State,Diamond,270000000.0
"10bdrm Bungalow in Ikola, Abule Egba for sale",600,10,3,Unfurnished,"Lagos State, Abule Egba",Abule Egba,Lagos State,Diamond,58000000.0
4bdrm Maisonette in Opebi for sale,500,4,4,Semi-Furnished,"Ikeja, Opebi",Opebi,Lagos State,Diamond,420000000.0
4bdrm Duplex in Ajah for sale,500,4,4,Unfurnished,"Lagos State, Ajah",Ajah,Lagos State,Diamond,160000000.0
3bdrm Duplex in Ikota for sale,500,3,3,Semi-Furnished,"Lekki, Ikota",Ikota,Lagos State,Diamond,135000000.0
5bdrm Duplex in Lekki Expressway for sale,500,5,5,Semi-Furnished,"Lekki, Lekki Expressway",Lekki Expressway,Lagos State,Diamond,750000000.0
"5bdrm Duplex in Royal Garden Estate, Ajah for sale",400,5,5,Unfurnished,"Lagos State, Ajah",Ajah,Lagos State,Diamond,680000000.0
Furnished 3bdrm Duplex in Igando for sale,350,3,3,Furnished,"Ikotun/Igando, Igando / Ikotun/Igando",Igando / Ikotun/Igando,Lagos State,Diamond,90000000.0
3bdrm Apartment in Lekki Phase 1 for sale,500,3,3,Semi-Furnished,"Lekki, Lekki Phase 1",Lekki Phase 1,Lagos State,Diamond,500000000.0
2bdrm Apartment in Life Camp for sale,5000,2,2,Semi-Furnished,"Gwarinpa, Life Camp",Life Camp,Abuja (FCT),Diamond,172000000.0
"4bdrm Bungalow in Carlton Gate Estate, Akobo for sale",500,4,5,Unfurnished,"Ibadan, Akobo",Akobo,Oyo State,Enterprise,220000000.0
"6bdrm Block of Flats in Elewuro Estate, Akobo for sale",1000,6,7,Unfurnished,"Ibadan, Akobo",Akobo,Oyo State,Enterprise,85000000.0
"5bdrm Duplex in Estate, Ojodu for sale",350,5,5,Semi-Furnished,"Lagos State, Ojodu",Ojodu,Lagos State,Enterprise,390000000.0
"3bdrm Duplex in Chief Lateef Oyelade, Rind Road for sale",450,3,3,Unfurnished,"Ibadan, Rind Road",Rind Road,Oyo State,Diamond,175000000.0
Furnished 4bdrm Block of Flats in Ajao Estate for sale,380,4,4,Furnished,"Isolo, Ajao Estate",Ajao Estate,Lagos State,Diamond,250000000.0
"6bdrm Duplex in Estate, Gwarinpa for sale",1000,6,6,Unfurnished,"Abuja (FCT), Gwarinpa",Gwarinpa,Abuja (FCT),Diamond,750000000.0
"3bdrm Duplex in Cooperative Estate, Alimosho for sale",200,3,4,Semi-Furnished,"Lagos State, Alimosho",Alimosho,Lagos State,Diamond,130000000.0
4bdrm Duplex in GRA Phase 1 for sale,680,4,4,Semi-Furnished,"Magodo, GRA Phase 1",GRA Phase 1,Lagos State,Enterprise,520000000.0
Furnished 5bdrm Mansion in Private Estate Lekki for sale,600,5,5,Furnished,"Lekki, Chevron",Chevron,Lagos State,Diamond,480000000.0
Furnished 4bdrm Block of Flats in Private Estate for sale,1500,4,4,Furnished,"Ajah, Sangotedo",Sangotedo,Lagos State,Diamond,650000000.0
"Furnished 3bdrm Duplex in Along Dangote, Eleko for sale",500,3,3,Furnished,"Ibeju, Eleko",Eleko,Lagos State,Diamond,110000000.0
Furnished 4bdrm Bungalow in Enugu for sale,1000,4,4,Furnished,"Enugu State, Enugu",Enugu,Enugu State,Diamond,140000000.0
4bdrm Duplex in Gra Ikeja Lagos for sale,412,4,4,Semi-Furnished,"Ikeja, Ikeja GRA",Ikeja GRA,Lagos State,Diamond,370000000.0
Furnished 5bdrm Duplex in Chevron Lekki for sale,600,5,5,Furnished,"Lekki, Chevron",Chevron,Lagos State,Diamond,450000000.0
Furnished 2bdrm Block of Flats in Bogije Ibeju Lekki for sale,1000,2,2,Furnished,"Ibeju, Bogije",Bogije,Lagos State,Diamond,260000000.0
Furnished 5bdrm Mansion in Private Estate Lekki for sale,600,5,5,Furnished,"Ajah, Ado / Ajah",Ado / Ajah,Lagos State,Diamond,250000000.0
2bdrm Bungalow in Ibadan for sale,464,2,2,Unfurnished,"Oyo State, Ibadan",Ibadan,Oyo State,False,32000000.0
5bdrm Duplex in Omole Phase 1 for sale,400,5,6,Semi-Furnished,"Ikeja, Omole Phase 1",Omole Phase 1,Lagos State,Enterprise,600000000.0
4bdrm Duplex in Sangotedo for sale,323,4,4,Unfurnished,"Ajah, Sangotedo",Sangotedo,Lagos State,Diamond,150000000.0
4bdrm Apartment in Lifecamp for sale,500,4,4,Unfurnished,"Gwarinpa, Life Camp",Life Camp,Abuja (FCT),Diamond,300000000.0
4bdrm Duplex in Ikate for sale,350,4,4,Unfurnished,"Lekki, Ikate",Ikate,Lagos State,Diamond,220000000.0
3bdrm Apartment in Mabushi for sale,120,3,3,Unfurnished,"Abuja (FCT), Mabushi",Mabushi,Abuja (FCT),Diamond,140000000.0
"7bdrm Duplex in Efab Metropolis, Gwarinpa for sale",1200,7,7,Unfurnished,"Abuja (FCT), Gwarinpa",Gwarinpa,Abuja (FCT),Diamond,420000000.0
"5bdrm Duplex in Megamound, Ikota for sale",600,5,6,Unfurnished,"Lekki, Ikota",Ikota,Lagos State,Diamond,660000000.0
3bdrm Block of Flats in Wuye for sale,100,3,4,Unfurnished,"Abuja (FCT), Wuye",Wuye,Abuja (FCT),Diamond,140000000.0
3bdrm Block of Flats in Karsana for sale,150,3,4,Unfurnished,"Gwagwa, Karsana",Karsana,Abuja (FCT),Diamond,75000000.0
"5bdrm Duplex in A Well Secured, Chevron for sale",400,5,6,Unfurnished,"Lekki, Chevron",Chevron,Lagos State,Diamond,500000000.0
5bdrm Duplex in Life Camp for sale,1000,5,6,Unfurnished,"Gwarinpa, Life Camp",Life Camp,Abuja (FCT),Diamond,600000000.0
4bdrm Duplex in Jabi for sale,250,4,5,Unfurnished,"Abuja (FCT), Jabi",Jabi,Abuja (FCT),Diamond,360000000.0
"5bdrm Duplex in Chevron Alternative, Lekki Phase 2 for sale",248,5,5,Semi-Furnished,"Lekki, Lekki Phase 2",Lekki Phase 2,Lagos State,Enterprise,400000000.0
3bdrm Bungalow in Basorun Housing for sale,700,3,4,Unfurnished,"Oyo State, Ibadan",Ibadan,Oyo State,Diamond,125000000.0
Furnished 3bdrm Apartment in Pen Cinema for sale,300,3,3,Furnished,"Agege, Pen Cinema",Pen Cinema,Lagos State,Diamond,110000000.0
5bdrm Duplex in Chevron for sale,500,5,6,Unfurnished,"Lekki, Chevron",Chevron,Lagos State,Diamond,450000000.0
"Furnished 2bdrm Apartment in Sangotedo, Lekki for sale",150,2,2,Furnished,"Lagos State, Lekki",Lekki,Lagos State,Enterprise,60000000.0
"3bdrm Apartment in Ikate, Lekki Phase 1 for sale",150,3,3,Semi-Furnished,"Lekki, Lekki Phase 1",Lekki Phase 1,Lagos State,Enterprise,160000000.0
Furnished 4bdrm Apartment in Benin City for sale,1100,4,4,Furnished,"Edo State, Benin City",Benin City,Edo State,Diamond,350000000.0
5bdrm Duplex in Chevron Lekki for sale,600,5,5,Unfurnished,"Lekki, Chevron",Chevron,Lagos State,Diamond,400000000.0
"Furnished 3bdrm Block of Flats in Ganmo, Ifelodun-Kwara for sale",900,3,4,Furnished,"Kwara State, Ifelodun-Kwara",Ifelodun-Kwara,Kwara State,Diamond,30000000.0
"2bdrm Bungalow in Airport Road, Lugbe District for sale",500,2,4,Unfurnished,"Abuja (FCT), Lugbe District",Lugbe District,Abuja (FCT),Diamond,45000000.0
Furnished 4bdrm Duplex in Ruuodomaya for sale,700,4,5,Furnished,"Port-Harcourt, Ruuodomaya",Ruuodomaya,Port-Harcourt,Enterprise,175000000.0
4bdrm Duplex in Ikeja for sale,500,4,4,Unfurnished,"Lagos State, Ikeja",Ikeja,Lagos State,Diamond,280000000.0
"Furnished 4bdrm House in Freedom Way, Lekki Expressway for sale",1000,4,4,Furnished,"Lekki, Lekki Expressway",Lekki Expressway,Lagos State,Enterprise,320000000.0
"2bdrm Apartment in Ajah, Off Lekki-Epe Expressway for sale",300,2,2,Unfurnished,"Ajah, Off Lekki-Epe Expressway",Off Lekki-Epe Expressway,Lagos State,Enterprise,80000000.0
2bdrm Apartment in Ikate for sale,250,2,2,Unfurnished,"Lekki, Ikate",Ikate,Lagos State,Enterprise,220000000.0
Furnished 4bdrm Block of Flats in Ikate for sale,500,4,4,Furnished,"Lekki, Ikate",Ikate,Lagos State,Diamond,300000000.0
"5bdrm Duplex in Royal Garden Estate, Off Lekki-Epe Expressway for sale",630,5,5,Unfurnished,"Ajah, Off Lekki-Epe Expressway",Off Lekki-Epe Expressway,Lagos State,Enterprise,550000000.0
"3bdrm Duplex in Orchid, Chevron for sale",250,3,3,Unfurnished,"Lekki, Chevron",Chevron,Lagos State,Enterprise,150000000.0
4bdrm Duplex in Ajah for sale,250,4,4,Unfurnished,"Ajah, Ado / Ajah",Ado / Ajah,Lagos State,Enterprise,160000000.0
"5bdrm Duplex in Cowrie Creek, Ikate for sale",400,5,5,Unfurnished,"Lekki, Ikate",Ikate,Lagos State,Enterprise,950000000.0
4bdrm Duplex in Lekki Phase 1 for sale,300,4,4,Unfurnished,"Lekki, Lekki Phase 1",Lekki Phase 1,Lagos State,Enterprise,450000000.0
1bdrm Penthouse in Ikate for sale,250,1,1,Unfurnished,"Lekki, Ikate",Ikate,Lagos State,Enterprise,130000000.0
3bdrm Duplex in Abraham Adesanya Estate for sale,200,3,3,Unfurnished,"Ajah, Abraham Adesanya Estate",Abraham Adesanya Estate,Lagos State,Enterprise,95000000.0
4bdrm Duplex in Owerri for sale,450,4,5,Unfurnished,"Imo State, Owerri",Owerri,Imo State,Enterprise,120000000.0
"2bdrm Block of Flats in Alakahia, Uzoba for sale",465,2,2,Semi-Furnished,"Port-Harcourt, Uzoba",Uzoba,Port-Harcourt,Diamond,180000000.0
"2bdrm Block of Flats in Fo1, Kubwa for sale",900,2,3,Semi-Furnished,"Abuja (FCT), Kubwa",Kubwa,Abuja (FCT),Diamond,75000000.0
"8bdrm Block of Flats in Second Gate,, Iwo Road for sale",500,8,12,Unfurnished,"Ibadan, Iwo Road",Iwo Road,Oyo State,Enterprise,85000000.0
3bdrm Block of Flats in Kurudu Army Scheme for sale,1000,3,4,Semi-Furnished,"Abuja (FCT), Kurudu",Kurudu,Abuja (FCT),Diamond,150000000.0
"4bdrm Duplex in Harris Drive, Vgc for sale",287,4,4,Unfurnished,"Ajah, VGC / Ajah",VGC / Ajah,Lagos State,Enterprise,150000000.0
"5bdrm Duplex in Orchid Road, Ikota for sale",278,5,5,Unfurnished,"Lekki, Ikota",Ikota,Lagos State,Enterprise,560000000.0
4bdrm Duplex in Harris Drive Off By for sale,287,4,4,Semi-Furnished,"Ajah, VGC / Ajah",VGC / Ajah,Lagos State,Enterprise,200000000.0
"5bdrm Penthouse in Engineer Lere Adigun, Basorun for sale",500,5,6,Semi-Furnished,"Ibadan, Basorun",Basorun,Oyo State,Enterprise,420000000.0
"4bdrm Bungalow in Oke-Badan Estate, Akobo for sale",650,4,5,Semi-Furnished,"Ibadan, Akobo",Akobo,Oyo State,Enterprise,150000000.0
"12bdrm Block of Flats in Aromolaran Estate, Agodi for sale",700,12,12,Unfurnished,"Ibadan, Agodi",Agodi,Oyo State,Enterprise,68000000.0
"4bdrm Duplex in Akala Estate, Akobo for sale",450,4,5,Semi-Furnished,"Ibadan, Akobo",Akobo,Oyo State,Enterprise,160000000.0
5bdrm Duplex in Lekki Phase 1 for sale,347,5,5,Unfurnished,"Lekki, Lekki Phase 1",Lekki Phase 1,Lagos State,Diamond,680000000.0
"Furnished 2bdrm Apartment in Victory Estate, Ago Palace for sale",250,2,3,Furnished,"Isolo, Ago Palace",Ago Palace,Lagos State,Diamond,75000000.0
"3bdrm Duplex in Abraham Adesanya, Ajah for sale",300,3,3,Unfurnished,"Lagos State, Ajah",Ajah,Lagos State,Enterprise,115000000.0
3bdrm Apartment in Ikate for sale,200,3,3,Semi-Furnished,"Lekki, Ikate",Ikate,Lagos State,Enterprise,250000000.0
"15bdrm Block of Flats in Ayobo, Ipaja for sale",648,15,20,Semi-Furnished,"Lagos State, Ipaja",Ipaja,Lagos State,Diamond,60000000.0
5bdrm Duplex in Chevron Lekki Lagos for sale,289,5,5,Unfurnished,"Lekki, Chevron",Chevron,Lagos State,Diamond,490000000.0
4bdrm Duplex in Maryland for sale,550,4,4,Unfurnished,"Lagos State, Maryland",Maryland,Lagos State,Diamond,300000000.0
"4bdrm Duplex in Greenland Estate, Mende for sale",635,4,4,Unfurnished,"Maryland, Mende",Mende,Lagos State,Diamond,250000000.0
"4bdrm Bungalow in Queens Efab Estate, Gwarinpa for sale",1000,4,4,Semi-Furnished,"Abuja (FCT), Gwarinpa",Gwarinpa,Abuja (FCT),Diamond,400000000.0
4bdrm House in Kubwa for sale,250,4,4,Unfurnished,"Abuja (FCT), Kubwa",Kubwa,Abuja (FCT),Enterprise,160000000.0
3bdrm Apartment in Life Camp for sale,150,3,3,Semi-Furnished,"Gwarinpa, Life Camp",Life Camp,Abuja (FCT),Enterprise,90000000.0
3bdrm Bungalow in Efab Verizon Karsana for sale,750,3,4,Semi-Furnished,"Abuja (FCT), Gwarinpa",Gwarinpa,Abuja (FCT),Diamond,185000000.0
5bdrm Duplex in Omole Phase2 for sale,600,5,5,Unfurnished,"Ikeja, Omole Phase 2",Omole Phase 2,Lagos State,Diamond,550000000.0
"5bdrm Duplex in Amazing Grace Estate, New Oko Oba for sale",350,5,5,Semi-Furnished,"Agege, New Oko Oba",New Oko Oba,Lagos State,Enterprise,330000000.0
"4bdrm Duplex in Ogun State, Abeokuta South for sale",450,4,4,Unfurnished,"Ogun State, Abeokuta South",Abeokuta South,Ogun State,Diamond,130000000.0
"Furnished 3bdrm Block of Flats in Ijaiye Lagos, Alagbado for sale",600,3,3,Furnished,"Ifako-Ijaiye, Alagbado",Alagbado,Lagos State,Diamond,120000000.0
6bdrm Duplex in Mini Estate In Omole for sale,500,6,6,Unfurnished,"Ikeja, Omole Phase 1",Omole Phase 1,Lagos State,Diamond,750000000.0
3bdrm Bungalow in Benin City for sale,450,3,3,Unfurnished,"Edo State, Benin City",Benin City,Edo State,Diamond,37000000.0
Furnished 4bdrm Duplex in Oregun for sale,300,4,4,Furnished,"Ikeja, Oregun",Oregun,Lagos State,Diamond,300000000.0
3bdrm Duplex in Boys Town  P&T  for sale,500,3,4,Semi-Furnished,"Ipaja, Ipaja / Ipaja",Ipaja / Ipaja,Lagos State,Diamond,130000000.0
"3bdrm Block of Flats in Governors Road, Egbeda / Egbeda for sale",650,3,3,Semi-Furnished,"Egbeda, Egbeda / Egbeda",Egbeda / Egbeda,Lagos State,Diamond,110000000.0
5bdrm Duplex in Orchid Lekki Lagos for sale,400,5,6,Semi-Furnished,"Lekki, Lekki Expressway",Lekki Expressway,Lagos State,Diamond,550000000.0
5bdrm Duplex in Omole Phase 2 Lagos for sale,450,5,5,Semi-Furnished,"Ikeja, Omole Phase 2",Omole Phase 2,Lagos State,Diamond,700000000.0
5bdrm Duplex in Galadimawa for sale,500,5,5,Unfurnished,"Abuja (FCT), Galadimawa",Galadimawa,Abuja (FCT),Enterprise,550000000.0
2bdrm Block of Flats in Lekki Phase 1 for sale,170,2,2,Unfurnished,"Lekki, Lekki Phase 1",Lekki Phase 1,Lagos State,Diamond,350000000.0
4bdrm Duplex in Ipaja / Ipaja for sale,326,4,4,Unfurnished,"Ipaja, Ipaja / Ipaja",Ipaja / Ipaja,Lagos State,Diamond,85000000.0
3bdrm Apartment in Yaba Lagos for sale,450,3,3,Unfurnished,"Lagos State, Yaba",Yaba,Lagos State,Enterprise,150000000.0
3bdrm Apartment in Ilasan Lekki Lagos for sale,200,3,4,Unfurnished,"Lekki, Ilasan",Ilasan,Lagos State,Enterprise,200000000.0
5bdrm Duplex in Magodo Gra Phase 2 for sale,450,5,5,Unfurnished,"Lagos State, Magodo",Magodo,Lagos State,Enterprise,500000000.0
4bdrm Duplex in Wuse 2 for sale,400,4,4,Unfurnished,"Abuja (FCT), Wuse 2",Wuse 2,Abuja (FCT),Enterprise,500000000.0
"5bdrm Duplex in Lugbe, FHA for sale",1000,5,6,Unfurnished,"Lugbe District, FHA",FHA,Abuja (FCT),Diamond,120000000.0
"3bdrm Apartment in Jahi Gilmore, Abuja for sale",350,3,4,Semi-Furnished,"Abuja (FCT), Jahi",Jahi,Abuja (FCT),Enterprise,200000000.0
5bdrm Duplex in In An Estate for sale,500,5,6,Semi-Furnished,"Abuja (FCT), Gwarinpa",Gwarinpa,Abuja (FCT),Enterprise,350000000.0
"6bdrm Bungalow in Lugbe - Abuja, FHA for sale",1000,6,6,Unfurnished,"Lugbe District, FHA",FHA,Abuja (FCT),Diamond,85000000.0
"3bdrm Duplex in Emerald Duplex, Ogombo for sale",300,3,4,Semi-Furnished,"Ajah, Ogombo",Ogombo,Lagos State,Diamond,180000000.0
Furnished 4bdrm Duplex in Omole Phase 2 for sale,280,4,4,Furnished,"Ikeja, Omole Phase 2",Omole Phase 2,Lagos State,Diamond,290000000.0
3bdrm Block of Flats in Shangisha Avenue for sale,620,3,3,Unfurnished,"Magodo, GRA Phase 2 Shangisha",GRA Phase 2 Shangisha,Lagos State,Diamond,450000000.0
"4bdrm Duplex in Estate, Lekki Expressway for sale",750,4,4,Semi-Furnished,"Lekki, Lekki Expressway",Lekki Expressway,Lagos State,Enterprise,160000000.0
"3bdrm Duplex in Estate, Durumi for sale",450,3,3,Semi-Furnished,"Abuja (FCT), Durumi",Durumi,Abuja (FCT),Enterprise,190000000.0
"Furnished 3bdrm Apartment in Gwarimpa, Gwarinpa for sale",750,3,3,Furnished,"Abuja (FCT), Gwarinpa",Gwarinpa,Abuja (FCT),Diamond,300000000.0
"4bdrm House in Akinola Cole, Adeniyi Jones for sale",180,4,4,Semi-Furnished,"Ikeja, Adeniyi Jones",Adeniyi Jones,Lagos State,Diamond,380000000.0
3bdrm Block of Flats in Ajelogo-Kosofe for sale,600,3,3,Unfurnished,"Kosofe, Kosofe / Kosofe",Kosofe / Kosofe,Lagos State,Enterprise,165000000.0
Furnished 4bdrm Duplex in Apple Junction for sale,500,4,4,Furnished,"Amuwo-Odofin, Apple Junction",Apple Junction,Lagos State,Enterprise,400000000.0
"3bdrm Block of Flats in Off Pedro Road, Shomolu / Shomolu for sale",600,3,3,Semi-Furnished,"Shomolu, Shomolu / Shomolu",Shomolu / Shomolu,Lagos State,Enterprise,480000000.0
5bdrm Duplex in Omole Phase1 Gra for sale,330,5,6,Semi-Furnished,"Ikeja, Omole Phase 1",Omole Phase 1,Lagos State,Diamond,550000000.0
"4bdrm Duplex in In An Estate, GRA Phase 1 for sale",300,4,4,Unfurnished,"Magodo, GRA Phase 1",GRA Phase 1,Lagos State,Diamond,400000000.0
"5bdrm Duplex in Inside An Estate In, Ikota for sale",380,5,5,Unfurnished,"Lekki, Ikota",Ikota,Lagos State,Diamond,680000000.0
"3bdrm Block of Flats in Greenland Estate, Iseri Olofin for sale",640,3,3,Unfurnished,"Alimosho, Iseri Olofin",Iseri Olofin,Lagos State,Diamond,200000000.0
"4bdrm Duplex in In An Estate, Ogudu GRA for sale",320,4,4,Unfurnished,"Ogudu, Ogudu GRA",Ogudu GRA,Lagos State,Diamond,500000000.0
"5bdrm Mansion in Hosana Estate, Ago Palace for sale",650,5,5,Unfurnished,"Isolo, Ago Palace",Ago Palace,Lagos State,Diamond,360000000.0
4bdrm Bungalow in Lasustech First Gate for sale,649,4,4,Unfurnished,"Lagos State, Ikorodu",Ikorodu,Lagos State,Diamond,35000000.0
"4bdrm Duplex in Inside An Estate, Gbagada for sale",280,4,4,Unfurnished,"Lagos State, Gbagada",Gbagada,Lagos State,Diamond,310000000.0
"4bdrm Duplex in Inside Estate, Maryland for sale",250,4,4,Unfurnished,"Lagos State, Maryland",Maryland,Lagos State,Diamond,290000000.0
3bdrm Block of Flats in Wuye for sale,250,3,3,Unfurnished,"Abuja (FCT), Wuye",Wuye,Abuja (FCT),Enterprise,135000000.0
Furnished 19bdrm Block of Flats in Ayobo for sale,620,19,20,Furnished,"Ipaja, Ayobo",Ayobo,Lagos State,Diamond,165000000.0
"4bdrm Duplex in Lekki Palm City, Ado / Ajah for sale",100,4,4,Unfurnished,"Ajah, Ado / Ajah",Ado / Ajah,Lagos State,Enterprise,220000000.0
3bdrm Apartment in Ikate for sale,100,3,3,Unfurnished,"Lekki, Ikate",Ikate,Lagos State,Enterprise,160000000.0
"4bdrm Duplex in Orchid, Lekki for sale",100,4,4,Unfurnished,"Lagos State, Lekki",Lekki,Lagos State,Enterprise,300000000.0
5bdrm Duplex in Ologolo for sale,100,5,5,Unfurnished,"Lekki, Ologolo",Ologolo,Lagos State,Enterprise,500000000.0
4bdrm Duplex in Ikoyi for sale,100,4,4,Unfurnished,"Lagos State, Ikoyi",Ikoyi,Lagos State,Enterprise,1000000000.0
3bdrm Block of Flats in Karu for sale,1500,3,4,Unfurnished,"Abuja (FCT), Karu",Karu,Abuja (FCT),Diamond,85000000.0
5bdrm Duplex in Orchid Lekki for sale,100,5,5,Unfurnished,"Lagos State, Lekki",Lekki,Lagos State,Enterprise,650000000.0
"4bdrm Duplex in Orchid, Lekki Expressway for sale",100,4,4,Unfurnished,"Lekki, Lekki Expressway",Lekki Expressway,Lagos State,Enterprise,280000000.0
2bdrm Apartment in Ikate for sale,1000,2,2,Unfurnished,"Lekki, Ikate",Ikate,Lagos State,Enterprise,180000000.0
5bdrm Duplex in Lekki Phase 1 for sale,200,5,5,Unfurnished,"Lekki, Lekki Phase 1",Lekki Phase 1,Lagos State,Enterprise,800000000.0
"5bdrm Duplex in Ajah By Blenco, Off Lekki-Epe Expressway for sale",200,5,5,Unfurnished,"Ajah, Off Lekki-Epe Expressway",Off Lekki-Epe Expressway,Lagos State,Diamond,200000000.0
"4bdrm Duplex in In A Gated And, Off Lekki-Epe Expressway for sale",250,4,4,Unfurnished,"Ajah, Off Lekki-Epe Expressway",Off Lekki-Epe Expressway,Lagos State,Diamond,200000000.0
4bdrm Duplex in Private Estate Ogba for sale,200,4,4,Semi-Furnished,"Ogba, Aguda / Ogba",Aguda / Ogba,Lagos State,Enterprise,195000000.0
3bdrm Bungalow in Ibeju for sale,350,3,3,Unfurnished,"Lagos State, Ibeju",Ibeju,Lagos State,Enterprise,75000000.0
3bdrm Duplex in Ilaje for sale,600,3,3,Unfurnished,"Ondo State, Ilaje",Ilaje,Ondo State,Enterprise,105000000.0
"4bdrm Duplex in Orchid Estate, Ikota for sale",200,4,4,Unfurnished,"Lekki, Ikota",Ikota,Lagos State,Diamond,220000000.0
Furnished 4bdrm Duplex in Ado / Ajah for sale,500,4,4,Furnished,"Ajah, Ado / Ajah",Ado / Ajah,Lagos State,Diamond,160000000.0
4bdrm Duplex in Oko-Oba for sale,500,4,4,Semi-Furnished,"Agege, Oko-Oba",Oko-Oba,Lagos State,Diamond,380000000.0
3bdrm Duplex in GRA Phase 1 for sale,500,3,3,Semi-Furnished,"Magodo, GRA Phase 1",GRA Phase 1,Lagos State,Diamond,350000000.0
"4bdrm Bungalow in Dalemo, Abule Egba for sale",600,4,4,Semi-Furnished,"Lagos State, Abule Egba",Abule Egba,Lagos State,Diamond,95000000.0
4bdrm Maisonette in Ikorodu Road / Ilupeju for sale,500,4,4,Semi-Furnished,"Ilupeju, Ikorodu Road / Ilupeju",Ikorodu Road / Ilupeju,Lagos State,Diamond,243000000.0
2bdrm Apartment in Lekki Phase 1 for sale,500,2,2,Unfurnished,"Lekki, Lekki Phase 1",Lekki Phase 1,Lagos State,Diamond,300000000.0
2bdrm Apartment in Ologolo for sale,124,2,2,Semi-Furnished,"Lekki, Ologolo",Ologolo,Lagos State,Diamond,125000000.0
4bdrm Duplex in Ikota for sale,500,4,4,Semi-Furnished,"Lekki, Ikota",Ikota,Lagos State,Diamond,200000000.0
4bdrm House in Jahi for sale,500,4,4,Unfurnished,"Abuja (FCT), Jahi",Jahi,Abuja (FCT),Diamond,380000000.0
5bdrm Duplex in Gwarinpa for sale,800,5,5,Unfurnished,"Abuja (FCT), Gwarinpa",Gwarinpa,Abuja (FCT),Diamond,480000000.0
"3bdrm Bungalow in Abdul-Salam, Akala, Akobo for sale",500,3,3,Semi-Furnished,"Ibadan, Akobo",Akobo,Oyo State,Enterprise,85000000.0
4bdrm House in Apo Resettlement for sale,500,4,4,Unfurnished,"Apo District, Apo Resettlement",Apo Resettlement,Abuja (FCT),Diamond,250000000.0
4bdrm Duplex in Lokogoma for sale,500,4,4,Unfurnished,"Abuja (FCT), Lokogoma",Lokogoma,Abuja (FCT),Diamond,320000000.0
5bdrm House in Gwarinpa for sale,500,5,5,Unfurnished,"Abuja (FCT), Gwarinpa",Gwarinpa,Abuja (FCT),Diamond,240000000.0
5bdrm Duplex in Utako for sale,500,5,5,Unfurnished,"Abuja (FCT), Utako",Utako,Abuja (FCT),Diamond,680000000.0
"6bdrm Duplex in Sunnyvale Estate, Dakwo District for sale",700,6,6,Semi-Furnished,"Abuja (FCT), Dakwo District",Dakwo District,Abuja (FCT),Diamond,470000000.0
"6bdrm Duplex in Estate, Magodo Isheri for sale",700,6,6,Semi-Furnished,"Ojodu, Magodo Isheri",Magodo Isheri,Lagos State,Enterprise,220000000.0
"4bdrm Duplex in Secured Area, Ikeja GRA for sale",290,4,4,Semi-Furnished,"Ikeja, Ikeja GRA",Ikeja GRA,Lagos State,Enterprise,550000000.0
"3bdrm Duplex in Secured Area, Fagba for sale",250,3,3,Semi-Furnished,"Agege, Fagba",Fagba,Lagos State,Enterprise,180000000.0
5bdrm Duplex in Jericho Estate for sale,500,5,5,Unfurnished,"Ibadan, Jericho",Jericho,Oyo State,Diamond,170000000.0
"4bdrm Duplex in Calton Gate Gra, for sale",450,4,4,Unfurnished,"Ibadan, Akobo",Akobo,Oyo State,Diamond,290000000.0
"4bdrm Duplex in Emmanuel Estate, Jericho for sale",400,4,4,Unfurnished,"Ibadan, Jericho",Jericho,Oyo State,Diamond,130000000.0
3bdrm Penthouse in Wuye for sale,750,3,4,Unfurnished,"Abuja (FCT), Wuye",Wuye,Abuja (FCT),Diamond,1000000000.0
5bdrm Duplex in Katampe (Main) for sale,750,5,6,Unfurnished,"Katampe, Katampe (Main)",Katampe (Main),Abuja (FCT),Diamond,600000000.0
3bdrm Duplex in Jahi for sale,350,3,4,Unfurnished,"Abuja (FCT), Jahi",Jahi,Abuja (FCT),Diamond,200000000.0
"3bdrm Bungalow in Goshen Estate, Benin City for sale",450,3,3,Unfurnished,"Edo State, Benin City",Benin City,Edo State,Enterprise,20000000.0
4bdrm Duplex in Jahi for sale,3000,4,4,Unfurnished,"Abuja (FCT), Jahi",Jahi,Abuja (FCT),Diamond,260000000.0
3bdrm Duplex in Magodo Gra Phase 1 for sale,500,3,3,Unfurnished,"Magodo, GRA Phase 1",GRA Phase 1,Lagos State,Enterprise,185000000.0
"Furnished 3bdrm Bungalow in Residential Beech, Eleko for sale",420,3,3,Furnished,"Ibeju, Eleko",Eleko,Lagos State,Diamond,90000000.0
Furnished 5bdrm Mansion in Private Estate Lekki for sale,600,5,5,Furnished,"Lekki, Ikate",Ikate,Lagos State,Diamond,750000000.0
"Furnished 4bdrm Duplex in Elesekan Residential, Bogije for sale",700,4,4,Furnished,"Ibeju, Bogije",Bogije,Lagos State,Diamond,140000000.0
Furnished 4bdrm Duplex in Lekki Ologolo Access for sale,600,4,4,Furnished,"Lekki, Ologolo",Ologolo,Lagos State,Diamond,200000000.0
Furnished 5bdrm Mansion in Residential Area for sale,600,5,5,Furnished,"Lekki, Ikota",Ikota,Lagos State,Diamond,660000000.0
"Furnished 4bdrm Duplex in Private Estate, Bogije for sale",450,4,4,Furnished,"Ibeju, Bogije",Bogije,Lagos State,Diamond,160000000.0
5bdrm Duplex in Chevron for sale,580,5,5,Semi-Furnished,"Lekki, Chevron",Chevron,Lagos State,Enterprise,530000000.0
4bdrm Duplex in Rumuahalu for sale,245,4,4,Semi-Furnished,"Port-Harcourt, Rumuahalu",Rumuahalu,Port-Harcourt,Diamond,210000000.0
4bdrm Duplex in Magodo Phase 1 for sale,450,4,5,Semi-Furnished,"Lagos State, Magodo",Magodo,Lagos State,Enterprise,400000000.0
4bdrm Duplex in Omole Phase 2 for sale,350,4,5,Semi-Furnished,"Ikeja, Omole Phase 2",Omole Phase 2,Lagos State,Enterprise,450000000.0
4bdrm Duplex in Mabushi for sale,350,4,4,Semi-Furnished,"Abuja (FCT), Mabushi",Mabushi,Abuja (FCT),Diamond,380000000.0
4bdrm Duplex in Bakeville Estate At for sale,200,4,4,Semi-Furnished,"Ajah, Ado / Ajah",Ado / Ajah,Lagos State,Enterprise,90000000.0
4bdrm Duplex in Guzape District for sale,400,4,4,Unfurnished,"Abuja (FCT), Guzape District",Guzape District,Abuja (FCT),Enterprise,750000000.0
"3bdrm Bungalow in Afolabi, Igando / Ikotun/Igando for sale",500,3,2,Unfurnished,"Ikotun/Igando, Igando / Ikotun/Igando",Igando / Ikotun/Igando,Lagos State,Diamond,35000000.0
"Furnished 3bdrm Bungalow in Agric Estate, Igando / Ikotun/Igando",550,3,3,Furnished,"Ikotun/Igando, Igando / Ikotun/Igando",Igando / Ikotun/Igando,Lagos State,Diamond,65000000.0
3bdrm Bungalow in Mararaba for sale,250,3,3,Semi-Furnished,"Abuja (FCT), Mararaba",Mararaba,Abuja (FCT),Diamond,40000000.0
"3bdrm Bungalow in Agric Road, Igando / Ikotun/Igando for sale",300,3,3,Unfurnished,"Ikotun/Igando, Igando / Ikotun/Igando",Igando / Ikotun/Igando,Lagos State,Diamond,22000000.0
"1bdrm Apartment in Aster Apartments, Lekki Phase 2 for sale",900,1,1,Semi-Furnished,"Lekki, Lekki Phase 2",Lekki Phase 2,Lagos State,Diamond,90000000.0
4bdrm Duplex in Kado for sale,260,4,5,Unfurnished,"Abuja (FCT), Kado",Kado,Abuja (FCT),Diamond,350000000.0
2bdrm Block of Flats in Katampe (Main) for sale,150,2,2,Unfurnished,"Katampe, Katampe (Main)",Katampe (Main),Abuja (FCT),Diamond,110000000.0
"3bdrm Duplex in A Well Secured, Ado / Ajah for sale",400,3,4,Unfurnished,"Ajah, Ado / Ajah",Ado / Ajah,Lagos State,Diamond,120000000.0
"4bdrm Duplex in Millennium Estate, Millenuim/UPS for sale",230,4,4,Semi-Furnished,"Gbagada, Millenuim/UPS",Millenuim/UPS,Lagos State,Enterprise,400000000.0
4bdrm Duplex in Ibadan for sale,800,4,5,Unfurnished,"Oyo State, Ibadan",Ibadan,Oyo State,Diamond,220000000.0
"4bdrm Duplex in Carlton Gate, Off for sale",620,4,5,Unfurnished,"Oyo State, Ibadan",Ibadan,Oyo State,Diamond,350000000.0
5bdrm Duplex in Chevron for sale,600,5,6,Unfurnished,"Lekki, Chevron",Chevron,Lagos State,Diamond,350000000.0
5bdrm Duplex in Ikota for sale,500,5,6,Unfurnished,"Lekki, Ikota",Ikota,Lagos State,Diamond,550000000.0
4bdrm Duplex in Chevron for sale,200,4,4,Semi-Furnished,"Lekki, Chevron",Chevron,Lagos State,Enterprise,320000000.0
5bdrm Duplex in Chevron for sale,300,5,6,Semi-Furnished,"Lekki, Chevron",Chevron,Lagos State,Enterprise,500000000.0
5bdrm Duplex in Ikota for sale,250,5,5,Semi-Furnished,"Lekki, Ikota",Ikota,Lagos State,Enterprise,550000000.0
4bdrm Duplex in Zone B for sale,400,4,4,Unfurnished,"Apo District, Zone B",Zone B,Abuja (FCT),Diamond,250000000.0
4bdrm Maisonette in Opebi for sale,250,4,5,Semi-Furnished,"Ikeja, Opebi",Opebi,Lagos State,Diamond,420000000.0
4bdrm Duplex in GRA Phase 1 for sale,400,4,5,Semi-Furnished,"Magodo, GRA Phase 1",GRA Phase 1,Lagos State,Diamond,450000000.0
Furnished 5bdrm Duplex in Lifecamp for sale,800,5,6,Furnished,"Gwarinpa, Life Camp",Life Camp,Abuja (FCT),Enterprise,720000000.0
"Furnished 4bdrm Duplex in Luxury Villa, Omole Phase 2 for sale",100,4,4,Furnished,"Ikeja, Omole Phase 2",Omole Phase 2,Lagos State,Enterprise,450000000.0
5bdrm Duplex in Berger for sale,760,5,5,Unfurnished,"Ojodu, Berger",Berger,Lagos State,Diamond,600000000.0
5bdrm Duplex in Osapa london for sale,300,5,5,Unfurnished,"Lekki, Osapa london",Osapa london,Lagos State,Enterprise,700000000.0
4bdrm Duplex in Ado / Ajah for sale,250,4,4,Unfurnished,"Ajah, Ado / Ajah",Ado / Ajah,Lagos State,Enterprise,200000000.0
Mini Flat in Abraham Adesanya Estate for sale,230,1,1,Unfurnished,"Ajah, Abraham Adesanya Estate",Abraham Adesanya Estate,Lagos State,Enterprise,60000000.0
4bdrm Duplex in Ikota for sale,250,4,4,Unfurnished,"Lekki, Ikota",Ikota,Lagos State,Enterprise,280000000.0
1bdrm Apartment in Sangotedo for sale,200,1,1,Unfurnished,"Ajah, Sangotedo",Sangotedo,Lagos State,Enterprise,40000000.0
20bdrm House in Owerri for sale,800,20,13,Unfurnished,"Imo State, Owerri",Owerri,Imo State,Enterprise,450000000.0
5bdrm Bungalow in Umuguma Owerri Imo for sale,465,5,5,Semi-Furnished,"Imo State, Owerri",Owerri,Imo State,Diamond,55500000.0
4bdrm Bungalow in By Lord'S Choosen for sale,465,4,4,Semi-Furnished,"Imo State, Owerri",Owerri,Imo State,Diamond,95000000.0
"4bdrm Bungalow in Obi Wali ,Rumuigbo for sale",930,4,4,Semi-Furnished,"Rivers State, Port-Harcourt",Port-Harcourt,Rivers State,Diamond,65000000.0
"6bdrm Duplex in Independent Layout,  for sale",1000,6,6,Semi-Furnished,"Enugu State, Enugu",Enugu,Enugu State,Diamond,385000000.0
"5bdrm Duplex in Gated Estate, Off for sale",465,5,5,Unfurnished,"Port-Harcourt, East West Road",East West Road,Port-Harcourt,Diamond,190000000.0
10bdrm Block of Flats in Near Osisioma  for sale,930,10,10,Semi-Furnished,"Abia State, Aba North",Aba North,Abia State,Diamond,210000000.0
5bdrm Duplex in Karsana for sale,800,5,6,Unfurnished,"Gwagwa, Karsana",Karsana,Abuja (FCT),Diamond,520000000.0
3bdrm Maisonette in Lekki Phase 1 for sale,33,3,3,Unfurnished,"Lekki, Lekki Phase 1",Lekki Phase 1,Lagos State,Diamond,320000000.0
"5bdrm Bungalow in Gospel Estate, Ojoo for sale",600,5,6,Semi-Furnished,"Ibadan, Ojoo",Ojoo,Oyo State,Enterprise,50000000.0
2bdrm Apartment in Spg Road Ikate for sale,300,2,2,Unfurnished,"Lekki, Ikate",Ikate,Lagos State,Enterprise,200000000.0
"5bdrm Duplex in Jahi Gilmore,Fct for sale",500,5,5,Unfurnished,"Abuja (FCT), Jahi",Jahi,Abuja (FCT),Diamond,500000000.0
20bdrm Block of Flats in Ilupeju for sale,648,20,20,Unfurnished,"Ilupeju, Ilupeju Industrial Estate",Ilupeju Industrial Estate,Lagos State,Diamond,200000000.0
5bdrm Duplex in Chevron for sale,600,5,6,Semi-Furnished,"Lekki, Chevron",Chevron,Lagos State,Diamond,600000000.0
"6bdrm Bungalow in Gwarimpa Estate Fct, Gwarinpa for sale",600,6,6,Semi-Furnished,"Abuja (FCT), Gwarinpa",Gwarinpa,Abuja (FCT),Diamond,180000000.0
5bdrm Duplex in In Chevron for sale,450,5,5,Semi-Furnished,"Lekki, Chevron",Chevron,Lagos State,Diamond,500000000.0
"4bdrm Duplex in Gowon Estate, Egbeda for sale",300,4,4,Semi-Furnished,"Alimosho, Egbeda",Egbeda,Lagos State,Diamond,250000000.0
5bdrm Duplex in Ikota for sale,287,5,5,Unfurnished,"Lekki, Ikota",Ikota,Lagos State,Diamond,420000000.0
4bdrm Duplex in Ikota Lekki for sale,289,4,4,Unfurnished,"Lekki, Ikota",Ikota,Lagos State,Diamond,220000000.0
"Furnished 4bdrm Duplex in Ikeja, Opebi for sale",500,4,5,Furnished,"Ikeja, Opebi",Opebi,Lagos State,Diamond,350000000.0
"3bdrm Block of Flats in College Road, Ogba GRA for sale",635,3,2,Unfurnished,"Ogba, Ogba GRA",Ogba GRA,Lagos State,Diamond,350000000.0
2bdrm Block of Flats in Oregun Ikeja for sale,630,2,2,Unfurnished,"Ikeja, Oregun",Oregun,Lagos State,Diamond,140000000.0
3bdrm Block of Flats in Ipaja for sale,660,3,3,Unfurnished,"Lagos State, Ipaja",Ipaja,Lagos State,Diamond,65000000.0
4bdrm Duplex in Millenuim/UPS for sale,350,4,4,Semi-Furnished,"Gbagada, Millenuim/UPS",Millenuim/UPS,Lagos State,Enterprise,350000000.0
"4bdrm Duplex in Freedom Way, Lekki Phase 1 for sale",350,4,4,Semi-Furnished,"Lekki, Lekki Phase 1",Lekki Phase 1,Lagos State,Enterprise,400000000.0
"5bdrm Duplex in Ibara Gra, Abeokuta South for sale",700,5,5,Semi-Furnished,"Ogun State, Abeokuta South",Abeokuta South,Ogun State,Diamond,350000000.0
Furnished 5bdrm Duplex in VGC / Ajah for sale,10,5,5,Furnished,"Ajah, VGC / Ajah",VGC / Ajah,Lagos State,Diamond,350000000.0
3bdrm Apartment in Durumi for sale,250,3,3,Unfurnished,"Abuja (FCT), Durumi",Durumi,Abuja (FCT),Diamond,90000000.0
4bdrm Apartment in Benin City for sale,900,4,5,Unfurnished,"Edo State, Benin City",Benin City,Edo State,Diamond,25000000.0
5bdrm Duplex in Osapa london for sale,500,5,5,Semi-Furnished,"Lekki, Osapa london",Osapa london,Lagos State,Diamond,900000000.0
5bdrm Duplex in New Oko Oba for sale,800,5,5,Unfurnished,"Agege, New Oko Oba",New Oko Oba,Lagos State,Enterprise,330000000.0
4bdrm Block of Flats in Ipaja for sale,600,4,4,Unfurnished,"Ipaja, Ipaja / Ipaja",Ipaja / Ipaja,Lagos State,Diamond,150000000.0
5bdrm Duplex in Lekki Phase 1 for sale,500,5,5,Unfurnished,"Lekki, Lekki Phase 1",Lekki Phase 1,Lagos State,Diamond,700000000.0
4bdrm Duplex in Chevron for sale,500,4,4,Unfurnished,"Lekki, Chevron",Chevron,Lagos State,Diamond,235000000.0
Furnished 3bdrm Block of Flats in Aguda / Surulere for sale,500,3,3,Furnished,"Surulere, Aguda / Surulere",Aguda / Surulere,Lagos State,Diamond,160000000.0
2bdrm Maisonette in Lekki Phase 1 for sale,500,2,2,Unfurnished,"Lekki, Lekki Phase 1",Lekki Phase 1,Lagos State,Diamond,220000000.0
5bdrm Duplex in Ado / Ajah for sale,350,5,5,Unfurnished,"Ajah, Ado / Ajah",Ado / Ajah,Lagos State,Diamond,270000000.0
Furnished 2bdrm Block of Flats in Baruwa for sale,600,2,2,Furnished,"Ipaja, Baruwa",Baruwa,Lagos State,Diamond,165000000.0
5bdrm Duplex in Osapa london for sale,500,5,5,Unfurnished,"Lekki, Osapa london",Osapa london,Lagos State,Diamond,900000000.0
2bdrm Block of Flats in Mercyland Estate for sale,650,2,3,Unfurnished,"Lagos State, Ipaja",Ipaja,Lagos State,Diamond,110000000.0
5bdrm Duplex in Chevron for sale,500,5,5,Unfurnished,"Lekki, Chevron",Chevron,Lagos State,Diamond,600000000.0
3bdrm Apartment in Lekkii for sale,300,3,3,Unfurnished,"Lekki, Lekki Phase 1",Lekki Phase 1,Lagos State,Enterprise,450000000.0
"4bdrm Duplex in Lekki Palm City, Ado / Ajah for sale",350,4,4,Unfurnished,"Ajah, Ado / Ajah",Ado / Ajah,Lagos State,Enterprise,252000000.0
"1bdrm Apartment in Ajah, Off Lekki-Epe Expressway for sale",200,1,1,Unfurnished,"Ajah, Off Lekki-Epe Expressway",Off Lekki-Epe Expressway,Lagos State,Enterprise,42750000.0
5bdrm Duplex in Omole Phase 2 Lagos for sale,450,5,6,Unfurnished,"Ikeja, Omole Phase 2",Omole Phase 2,Lagos State,Enterprise,550000000.0
2bdrm Apartment in Ikate for sale,350,2,2,Unfurnished,"Lekki, Ikate",Ikate,Lagos State,Enterprise,200000000.0
4bdrm Duplex in Lekki Scheme 2 for sale,350,4,5,Unfurnished,"Lekki, Lekki Phase 2",Lekki Phase 2,Lagos State,Enterprise,130000000.0
"Furnished 5bdrm Duplex in Chevron, Lekki for sale",150,5,6,Furnished,"Lekki, Chevron",Chevron,Lagos State,Enterprise,450000000.0
Furnished 5bdrm Duplex in Allen Ikeja Lagos for sale,150,5,6,Furnished,"Ikeja, Allen Avenue",Allen Avenue,Lagos State,Enterprise,620000000.0
5bdrm Duplex in Opebi for sale,500,5,6,Unfurnished,"Ikeja, Opebi",Opebi,Lagos State,Enterprise,340000000.0
5bdrm Duplex in Lekki for sale,500,5,6,Unfurnished,"Lagos State, Lekki",Lekki,Lagos State,Enterprise,680000000.0
5bdrm Duplex in Omole Phase 1 Lagos for sale,450,5,6,Unfurnished,"Ikeja, Omole Phase 1",Omole Phase 1,Lagos State,Enterprise,650000000.0
4bdrm Duplex in Ojo for sale,500,4,4,Unfurnished,"Lagos State, Ojo",Ojo,Lagos State,Enterprise,550000000.0
Furnished 5bdrm Duplex in Magodo Gra Phase 2 for sale,150,5,6,Furnished,"Magodo, GRA Phase 2 Shangisha",GRA Phase 2 Shangisha,Lagos State,Enterprise,720000000.0
"3bdrm Bungalow in Gwarinpa, Life Camp for sale",750,3,4,Unfurnished,"Gwarinpa, Life Camp",Life Camp,Abuja (FCT),Diamond,60000000.0
"4bdrm Duplex in Shell Cooperative, Eneka for sale",450,4,4,Unfurnished,"Port-Harcourt, Eneka",Eneka,Port-Harcourt,Diamond,160000000.0
"4bdrm Duplex in Pearl Garden, Eneka for sale",450,4,4,Unfurnished,"Port-Harcourt, Eneka",Eneka,Port-Harcourt,Diamond,290000000.0
"5bdrm Duplex in Ada George Estate, Obio-Akpor for sale",930,5,5,Unfurnished,"Rivers State, Obio-Akpor",Obio-Akpor,Rivers State,Diamond,235000000.0
"3bdrm Duplex in Capital City, Rukpokwu for sale",253,3,3,Unfurnished,"Port-Harcourt, Rukpokwu",Rukpokwu,Port-Harcourt,Diamond,100000000.0
5bdrm Duplex in Gwarinpa Extension for sale,1000,5,6,Semi-Furnished,"Abuja (FCT), Gwarinpa",Gwarinpa,Abuja (FCT),Enterprise,300000000.0
"4bdrm Bungalow in Ayhomes Luxury Smart, Igando-Oloja for sale",300,4,4,Semi-Furnished,"Ibeju, Igando-Oloja",Igando-Oloja,Lagos State,Diamond,95000000.0
4bdrm Duplex in Gaduwa for sale,200,4,5,Unfurnished,"Abuja (FCT), Gaduwa",Gaduwa,Abuja (FCT),Enterprise,225000000.0
"5bdrm Duplex in Estate, Ajah for sale",650,5,5,Semi-Furnished,"Lagos State, Ajah",Ajah,Lagos State,Enterprise,160000000.0
"Furnished 5bdrm Duplex in Estate, Lugbe District for sale",1500,5,5,Furnished,"Abuja (FCT), Lugbe District",Lugbe District,Abuja (FCT),Enterprise,700000000.0
"3bdrm Bungalow in Estate, Kurudu for sale",500,3,3,Semi-Furnished,"Abuja (FCT), Kurudu",Kurudu,Abuja (FCT),Enterprise,65000000.0
"Furnished 5bdrm Duplex in Riverpark, Lugbe District for sale",500,5,5,Furnished,"Abuja (FCT), Lugbe District",Lugbe District,Abuja (FCT),Diamond,320000000.0
4bdrm Duplex in Ogba GRA for sale,500,4,5,Semi-Furnished,"Ogba, Ogba GRA",Ogba GRA,Lagos State,Enterprise,240000000.0
"4bdrm House in Akinola Cole, Adeniyi Jones for sale",200,4,4,Semi-Furnished,"Ikeja, Adeniyi Jones",Adeniyi Jones,Lagos State,Diamond,450000000.0
Furnished 2bdrm Block of Flats in Allen Avenue for sale,500,2,2,Furnished,"Ikeja, Allen Avenue",Allen Avenue,Lagos State,Enterprise,180000000.0
4bdrm Duplex in Samonda for sale,500,4,5,Semi-Furnished,"Ibadan, Samonda",Samonda,Oyo State,Enterprise,300000000.0
"3bdrm Bungalow in Abdulsalam Estate, Akobo for sale",500,3,3,Unfurnished,"Ibadan, Akobo",Akobo,Oyo State,Enterprise,85000000.0
Furnished 4bdrm Duplex in Phase1 for sale,500,4,4,Furnished,"Magodo, GRA Phase 1",GRA Phase 1,Lagos State,Enterprise,450000000.0
4bdrm Duplex in Ikota for sale,500,4,5,Semi-Furnished,"Lekki, Ikota",Ikota,Lagos State,Enterprise,240000000.0
5bdrm Duplex in Ikota for sale,300,5,5,Semi-Furnished,"Lekki, Ikota",Ikota,Lagos State,Enterprise,400000000.0
"4bdrm Duplex in Inside An Estate, Alausa for sale",250,4,4,Unfurnished,"Ikeja, Alausa",Alausa,Lagos State,Diamond,400000000.0
"1bdrm Block of Flats in Good Location, Oshimili North for sale",1002,1,1,Unfurnished,"Delta State, Oshimili North",Oshimili North,Delta State,Diamond,200000000.0
Studio Apartment in Surulere for sale,145,1,1,Semi-Furnished,"Lagos State, Surulere",Surulere,Lagos State,Diamond,50000000.0
"4bdrm Maisonette in In An Estate, Opebi for sale",250,4,4,Unfurnished,"Ikeja, Opebi",Opebi,Lagos State,Diamond,420000000.0
"4bdrm Duplex in Inside An Estate, Opebi for sale",300,4,4,Unfurnished,"Ikeja, Opebi",Opebi,Lagos State,Diamond,490000000.0
"2bdrm Block of Flats in Maya, Ikorodu Garage for sale",650,2,2,Unfurnished,"Ikorodu, Ikorodu Garage",Ikorodu Garage,Lagos State,Diamond,8000000.0
"2bdrm Block of Flats in Abiola Estate, Ayobo for sale",500,2,2,Unfurnished,"Ipaja, Ayobo",Ayobo,Lagos State,Diamond,70000000.0
"3bdrm House in Ibagwa Nike, Enugu for sale",500,3,3,Semi-Furnished,"Enugu State, Enugu",Enugu,Enugu State,Diamond,85000000.0
3bdrm Duplex in Ajah for sale,100,3,3,Unfurnished,"Lagos State, Ajah",Ajah,Lagos State,Enterprise,75000000.0
2bdrm Apartment in Lekki Phase 1 for sale,100,2,2,Unfurnished,"Lekki, Lekki Phase 1",Lekki Phase 1,Lagos State,Enterprise,275000000.0
"5bdrm Duplex in Megamound Estate, Lekki for sale",100,5,5,Unfurnished,"Lagos State, Lekki",Lekki,Lagos State,Enterprise,420000000.0
"5bdrm Duplex in Orchid, Lekki for sale",100,5,5,Unfurnished,"Lagos State, Lekki",Lekki,Lagos State,Enterprise,350000000.0
"6bdrm Penthouse in Efab Metropolis, Gwarinpa for sale",850,6,6,Semi-Furnished,"Abuja (FCT), Gwarinpa",Gwarinpa,Abuja (FCT),Enterprise,470000000.0
3bdrm Bungalow in Elerangbe for sale,300,3,3,Unfurnished,"Ibeju, Elerangbe",Elerangbe,Lagos State,Diamond,80000000.0
4bdrm Maisonette in Opebi for sale,200,4,4,Unfurnished,"Ikeja, Opebi",Opebi,Lagos State,Enterprise,350000000.0
"5bdrm Duplex in Efab Metropolis, Gwarinpa for sale",770,5,5,Semi-Furnished,"Abuja (FCT), Gwarinpa",Gwarinpa,Abuja (FCT),Enterprise,380000000.0
2bdrm Apartment in Ajah Lagos Mobil for sale,2500,2,2,Unfurnished,"Ajah, VGC / Ajah",VGC / Ajah,Lagos State,Diamond,75000000.0
5bdrm Duplex in Chevron Estate for sale,350,5,5,Semi-Furnished,"Lekki, Chevron",Chevron,Lagos State,Diamond,550000000.0
3bdrm Duplex in Ojuelegba for sale,500,3,3,Semi-Furnished,"Surulere, Ojuelegba",Ojuelegba,Lagos State,Diamond,400000000.0
3bdrm Apartment in New Garage / Gbagada for sale,500,3,3,Semi-Furnished,"Gbagada, New Garage / Gbagada",New Garage / Gbagada,Lagos State,Diamond,150000000.0
2bdrm Apartment in Lekki Phase 1 for sale,500,2,2,Semi-Furnished,"Lekki, Lekki Phase 1",Lekki Phase 1,Lagos State,Diamond,280000000.0
4bdrm Maisonette in Lekki Phase 1 for sale,260,4,4,Semi-Furnished,"Lekki, Lekki Phase 1",Lekki Phase 1,Lagos State,Diamond,420000000.0
"7bdrm House in No Estate, Gberigbe for sale",1200,7,10,Unfurnished,"Ikorodu, Gberigbe",Gberigbe,Lagos State,Diamond,60000000.0
"5bdrm Duplex in Osapa London, Lekki for sale",300,5,6,Unfurnished,"Lagos State, Lekki",Lekki,Lagos State,Enterprise,250000000.0
"2bdrm Bungalow in Elemoro, Bogije for sale",312,2,3,Unfurnished,"Ibeju, Bogije",Bogije,Lagos State,Enterprise,30000000.0
Furnished 5bdrm Duplex in Oluyole for sale,600,5,5,Furnished,"Ibadan, Oluyole Estate",Oluyole Estate,Oyo State,Enterprise,295000000.0
4bdrm Duplex in Galadimawa for sale,700,4,4,Unfurnished,"Abuja (FCT), Galadimawa",Galadimawa,Abuja (FCT),Diamond,240000000.0
5bdrm Duplex in Asokoro for sale,500,5,5,Unfurnished,"Abuja (FCT), Asokoro",Asokoro,Abuja (FCT),Diamond,930000000.0
4bdrm House in Life Camp for sale,500,4,4,Unfurnished,"Gwarinpa, Life Camp",Life Camp,Abuja (FCT),Diamond,280000000.0
"10bdrm Block of Flats in Mokola, Ibadan North West for sale",500,10,3,Unfurnished,"Ibadan, Ibadan North West",Ibadan North West,Oyo State,Enterprise,120000000.0
"3bdrm Bungalow in Karinkapo Estate, Akala Express for sale",400,3,4,Unfurnished,"Ibadan, Akala Express",Akala Express,Oyo State,Enterprise,45000000.0
"4bdrm Duplex in Kolapo Ishola Gra, Akobo for sale",400,4,5,Semi-Furnished,"Ibadan, Akobo",Akobo,Oyo State,Enterprise,270000000.0
"4bdrm Duplex in Diamond Estate Phase, Sangotedo for sale",450,4,4,Unfurnished,"Ajah, Sangotedo",Sangotedo,Lagos State,Diamond,160000000.0
"4bdrm Duplex in Estate, Opebi for sale",280,4,4,Semi-Furnished,"Ikeja, Opebi",Opebi,Lagos State,Enterprise,450000000.0
"2bdrm Bungalow in Progressive Estat, Akala Express for sale",600,2,2,Unfurnished,"Ibadan, Akala Express",Akala Express,Oyo State,Diamond,75000000.0
5bdrm Duplex in Malami Estate for sale,450,5,5,Unfurnished,"Ibadan, Oluyole Estate",Oluyole Estate,Oyo State,Diamond,275000000.0
"5bdrm Duplex in Basic Estate, Lokogoma for sale",800,5,6,Semi-Furnished,"Abuja (FCT), Lokogoma",Lokogoma,Abuja (FCT),Diamond,350000000.0
"7bdrm Duplex in Efab Metropolis, Gwarinpa for sale",900,7,7,Unfurnished,"Abuja (FCT), Gwarinpa",Gwarinpa,Abuja (FCT),Diamond,650000000.0
5bdrm Duplex in Omole Phase 1 for sale,800,5,5,Semi-Furnished,"Ikeja, Omole Phase 1",Omole Phase 1,Lagos State,Enterprise,700000000.0
"3bdrm Block of Flats in Aloba Ipaja Lagos, Alimosho for sale",625,3,4,Semi-Furnished,"Lagos State, Alimosho",Alimosho,Lagos State,Diamond,85000000.0
Furnished 2bdrm Block of Flats in Alagbole Via Ojodu for sale,700,2,2,Furnished,"Lagos State, Ojodu",Ojodu,Lagos State,Diamond,260000000.0
Furnished 5bdrm Mansion in Lekki Chevron Orchid for sale,600,5,5,Furnished,"Lekki, Chevron",Chevron,Lagos State,Diamond,600000000.0
Furnished 4bdrm Duplex in Chevron Lekki for sale,500,4,4,Furnished,"Lekki, Chevron",Chevron,Lagos State,Diamond,210000000.0
4bdrm Duplex in Ikota for sale,500,4,4,Semi-Furnished,"Lekki, Ikota",Ikota,Lagos State,Enterprise,300000000.0
"Furnished 2bdrm Block of Flats in Residential And, Epe Road for sale",700,2,2,Furnished,"Epe, Epe Road",Epe Road,Lagos State,Diamond,120000000.0
"Furnished 5bdrm Duplex in Private Estate Lekki, Chevron for sale",600,5,5,Furnished,"Lekki, Chevron",Chevron,Lagos State,Diamond,400000000.0
Furnished 4bdrm Duplex in Residential Area Epe for sale,400,4,4,Furnished,"Epe, Epe Road",Epe Road,Lagos State,Diamond,60000000.0
"4bdrm Duplex in Orchild Estate, Chevron for sale",500,4,4,Semi-Furnished,"Lekki, Chevron",Chevron,Lagos State,Enterprise,160000000.0
5bdrm Bungalow in Obio-Akpor for sale,500,5,5,Semi-Furnished,"Rivers State, Obio-Akpor",Obio-Akpor,Rivers State,Diamond,130000000.0
4bdrm Duplex in Guzape for sale,450,4,4,Unfurnished,"Abuja (FCT), Guzape District",Guzape District,Abuja (FCT),Diamond,270000000.0
"20bdrm Duplex in Jikwoyi, Asokoro for sale",2500,20,20,Unfurnished,"Abuja (FCT), Asokoro",Asokoro,Abuja (FCT),Diamond,140000000.0
4bdrm Duplex in Katampe (Main) for sale,400,4,5,Semi-Furnished,"Katampe, Katampe (Main)",Katampe (Main),Abuja (FCT),Diamond,330000000.0
3bdrm Block of Flats in Kado for sale,120,3,4,Unfurnished,"Abuja (FCT), Kado",Kado,Abuja (FCT),Diamond,140000000.0
3bdrm Block of Flats in Wuse 2 for sale,40,3,4,Semi-Furnished,"Abuja (FCT), Wuse 2",Wuse 2,Abuja (FCT),Diamond,400000000.0
4bdrm Duplex in Omole Phase 2 for sale,400,4,4,Unfurnished,"Ikeja, Omole Phase 2",Omole Phase 2,Lagos State,Diamond,500000000.0
4bdrm Duplex in Durumi for sale,310,4,5,Unfurnished,"Abuja (FCT), Durumi",Durumi,Abuja (FCT),Diamond,200000000.0
3bdrm Block of Flats in Jahi for sale,150,3,4,Semi-Furnished,"Abuja (FCT), Jahi",Jahi,Abuja (FCT),Diamond,170000000.0
Furnished 3bdrm Apartment in Ikoyi for sale,690,3,3,Furnished,"Ikoyi, Old Ikoyi",Old Ikoyi,Lagos State,Enterprise,700000000.0
4bdrm Duplex in Katampe for sale,500,4,5,Unfurnished,"Katampe, Katampe Extension",Katampe Extension,Abuja (FCT),Diamond,250000000.0
6bdrm Duplex in Gaduwa Estate Main for sale,700,6,6,Semi-Furnished,"Abuja (FCT), Gaduwa",Gaduwa,Abuja (FCT),Diamond,320000000.0
4bdrm Duplex in Ibadan for sale,1500,4,5,Unfurnished,"Oyo State, Ibadan",Ibadan,Oyo State,Diamond,250000000.0
5bdrm Duplex in Lekki Phase 1 for sale,500,5,6,Unfurnished,"Lekki, Lekki Phase 1",Lekki Phase 1,Lagos State,Diamond,550000000.0
4bdrm Duplex in Chevron for sale,580,4,5,Unfurnished,"Lekki, Chevron",Chevron,Lagos State,Diamond,320000000.0
"4bdrm Duplex in Ajah, Lekki for sale",250,4,4,Semi-Furnished,"Lagos State, Lekki",Lekki,Lagos State,Enterprise,180000000.0
5bdrm Duplex in Ilasan for sale,500,5,6,Unfurnished,"Lekki, Ilasan",Ilasan,Lagos State,Diamond,400000000.0
4bdrm Duplex in Ikota for sale,300,4,5,Unfurnished,"Lekki, Ikota",Ikota,Lagos State,Diamond,220000000.0
"5bdrm Bungalow in Soka, Ibadan for sale",555,5,7,Unfurnished,"Oyo State, Ibadan",Ibadan,Oyo State,Enterprise,30000000.0
"3bdrm Bungalow in Bako, Ibadan for sale",250,3,4,Semi-Furnished,"Oyo State, Ibadan",Ibadan,Oyo State,Enterprise,25000000.0
20bdrm Bungalow in Okeira for sale,800,20,20,Unfurnished,"Ogba, Oke-Ira / Ogba",Oke-Ira / Ogba,Lagos State,Enterprise,250000000.0
2bdrm Block of Flats in Katampe (Main) for sale,200,2,2,Unfurnished,"Katampe, Katampe (Main)",Katampe (Main),Abuja (FCT),Diamond,125000000.0
4bdrm Duplex in Life Camp for sale,500,4,6,Unfurnished,"Gwarinpa, Life Camp",Life Camp,Abuja (FCT),Diamond,150000000.0
5bdrm Duplex in Life Camp for sale,500,5,6,Semi-Furnished,"Gwarinpa, Life Camp",Life Camp,Abuja (FCT),Diamond,270000000.0
3bdrm Apartment in Jahi for sale,800,3,4,Semi-Furnished,"Abuja (FCT), Jahi",Jahi,Abuja (FCT),Enterprise,150000000.0
Furnished 5bdrm Duplex in Johns Lwofe for sale,700,5,6,Furnished,"Rivers State, Port-Harcourt",Port-Harcourt,Rivers State,Enterprise,125000000.0
"3bdrm Block of Flats in Abraham Adesanya, Lekki Expressway for sale",1500,3,3,Unfurnished,"Lekki, Lekki Expressway",Lekki Expressway,Lagos State,Diamond,65000000.0
"3bdrm Apartment in Lekki, Ikate for sale",300,3,3,Unfurnished,"Lekki, Ikate",Ikate,Lagos State,Enterprise,270000000.0
3bdrm Duplex in Abraham Adesanya Estate for sale,340,3,3,Unfurnished,"Ajah, Abraham Adesanya Estate",Abraham Adesanya Estate,Lagos State,Enterprise,90000000.0
5bdrm Duplex in Ologolo for sale,300,5,5,Unfurnished,"Lekki, Ologolo",Ologolo,Lagos State,Enterprise,260000000.0
4bdrm Duplex in Ikota for sale,326,4,4,Unfurnished,"Lekki, Ikota",Ikota,Lagos State,Enterprise,180000000.0
18bdrm Block of Flats in Ado / Ajah for sale,720,18,18,Unfurnished,"Ajah, Ado / Ajah",Ado / Ajah,Lagos State,Enterprise,150000000.0
"4bdrm Duplex in Orchid, Chevron for sale",250,4,4,Unfurnished,"Lekki, Chevron",Chevron,Lagos State,Enterprise,185000000.0
5bdrm Duplex in Chevron for sale,350,5,5,Unfurnished,"Lekki, Chevron",Chevron,Lagos State,Enterprise,280000000.0
4bdrm Duplex in Utako District Abuja for sale,2000,4,5,Semi-Furnished,"Abuja (FCT), Utako",Utako,Abuja (FCT),Diamond,400000000.0
"6bdrm Duplex in Imo Power Layout, for sale",930,6,6,Semi-Furnished,"Imo State, Owerri",Owerri,Imo State,Diamond,250000000.0
6bdrm Block of Flats in Rumuaghulu By for sale,465,6,9,Semi-Furnished,"Rivers State, Port-Harcourt",Port-Harcourt,Rivers State,Diamond,55000000.0
"3bdrm Bungalow in Eneka, Port Harcourt for sale",500,3,3,Semi-Furnished,"Port-Harcourt, Eneka",Eneka,Port-Harcourt,Diamond,33500000.0
"4bdrm Duplex in Winner'S Estate, for sale",550,4,4,Semi-Furnished,"Enugu State, Enugu",Enugu,Enugu State,Diamond,150000000.0
"4bdrm Duplex in Pocket Layout , for sale",500,4,4,Semi-Furnished,"Imo State, Owerri",Owerri,Imo State,Diamond,220000000.0
5bdrm Block of Flats in Eneka Eliozu Link for sale,465,5,5,Semi-Furnished,"Port-Harcourt, Eliozu",Eliozu,Port-Harcourt,Diamond,87500000.0
3bdrm Apartment in Chevron Toll Gate for sale,276,3,3,Unfurnished,"Lekki, Chevron",Chevron,Lagos State,Enterprise,120000000.0
"5bdrm Duplex in Orchid Road, Ikota for sale",279,5,5,Unfurnished,"Lekki, Ikota",Ikota,Lagos State,Enterprise,320000000.0
5bdrm Duplex in Ikota for sale,287,5,5,Unfurnished,"Lekki, Ikota",Ikota,Lagos State,Enterprise,420000000.0
"4bdrm Duplex in Chevy View, Chevron for sale",500,4,4,Semi-Furnished,"Lekki, Chevron",Chevron,Lagos State,Enterprise,250000000.0
"4bdrm Bungalow in Bera Estate, Akobo for sale",300,4,5,Unfurnished,"Ibadan, Akobo",Akobo,Oyo State,Enterprise,130000000.0
Furnished 3bdrm Apartment in Ikate for sale,850,3,3,Furnished,"Lekki, Ikate",Ikate,Lagos State,Enterprise,350000000.0
2bdrm Apartment in Sangotedo for sale,800,2,2,Unfurnished,"Ajah, Sangotedo",Sangotedo,Lagos State,Enterprise,55000000.0
"3bdrm Bungalow in Gwarimpa Extension, Gwarinpa for sale",650,3,4,Unfurnished,"Abuja (FCT), Gwarinpa",Gwarinpa,Abuja (FCT),Diamond,160000000.0
"5bdrm Duplex in Kubwa Fo1,Fct Abuja for sale",1000,5,6,Unfurnished,"Abuja (FCT), Kubwa",Kubwa,Abuja (FCT),Diamond,380000000.0
Furnished 7bdrm Block of Flats in Alakuko for sale,648,7,8,Furnished,"Ifako-Ijaiye, Alakuko",Alakuko,Lagos State,Diamond,95000000.0
5bdrm Duplex in Lugbe District for sale,500,5,5,Unfurnished,"Abuja (FCT), Lugbe District",Lugbe District,Abuja (FCT),Diamond,29000000.0
"4bdrm Duplex in Nil, Sabon Lugbe for sale",600,4,4,Semi-Furnished,"Lugbe District, Sabon Lugbe",Sabon Lugbe,Abuja (FCT),Diamond,300000000.0
"4bdrm Duplex in Igando Lagos, Akesan for sale",411,4,5,Semi-Furnished,"Alimosho, Akesan",Akesan,Lagos State,Diamond,370000000.0
"5bdrm Duplex in Estate, Lekki for sale",300,5,5,Semi-Furnished,"Lagos State, Lekki",Lekki,Lagos State,Diamond,155000000.0
3bdrm Duplex in Ikota Villa for sale,300,3,3,Semi-Furnished,"Lekki, Ikota",Ikota,Lagos State,Diamond,150000000.0
"Furnished 6bdrm Duplex in In Estate, Isheri North for sale",702,6,6,Furnished,"Ojodu, Isheri North",Isheri North,Lagos State,Diamond,350000000.0
